ply
format ascii 1.0
element vertex 6583
property float x
property float y
property float z
end_header
-1.369961 -6.558119 -4.759515
-1.369961 -6.210837 -4.759515
-1.369961 -5.863555 -4.759515
-1.022679 -5.863555 -4.759515
-1.717243 -5.516273 -4.759515
-1.717243 -5.168991 -5.106797
-2.064525 -5.168991 -4.759515
-1.717243 -5.168991 -4.759515
-1.369961 -5.516273 -4.759515
-1.022679 -5.516273 -4.759515
-1.369961 -5.168991 -4.759515
-1.022679 -5.168991 -4.759515
-1.717243 -6.558119 -4.412233
-1.369961 -6.558119 -4.412233
-1.022679 -6.558119 -3.023105
-1.022679 -6.558119 -2.675823
-2.411807 -5.863555 -3.370387
-3.106371 -5.168991 -4.064951
-2.411807 -5.516273 -4.412233
-2.759089 -5.516273 -4.064951
-2.759089 -5.168991 -4.412233
-2.759089 -5.168991 -4.064951
-2.585448 -5.342632 -3.544028
-1.717243 -6.210837 -4.412233
-1.717243 -6.210837 -4.064951
-1.717243 -5.863555 -4.412233
-1.717243 -5.863555 -4.064951
-1.196320 -6.037196 -4.238592
-2.064525 -5.863555 -3.717669
-1.717243 -5.863555 -3.717669
-2.064525 -5.863555 -3.370387
-1.717243 -5.863555 -3.370387
-1.369961 -6.210837 -3.717669
-1.022679 -6.210837 -3.717669
-1.369961 -5.863555 -3.717669
-1.022679 -5.863555 -3.717669
-1.369961 -5.863555 -3.370387
-2.064525 -5.516273 -4.412233
-1.717243 -5.516273 -4.412233
-1.717243 -5.516273 -4.064951
-2.064525 -5.168991 -4.412233
-1.717243 -5.168991 -4.412233
-2.064525 -5.168991 -4.064951
-1.717243 -5.168991 -4.064951
-1.196320 -5.342632 -4.238592
-1.890884 -5.342632 -3.544028
-1.196320 -5.342632 -3.544028
-3.106371 -5.168991 -3.023105
-3.453653 -5.168991 -2.675823
-3.106371 -5.168991 -2.675823
-2.759089 -5.516273 -3.023105
-2.411807 -5.516273 -3.023105
-2.759089 -5.168991 -3.023105
-2.411807 -5.168991 -3.023105
-2.759089 -5.168991 -2.675823
-2.411807 -5.168991 -2.675823
-3.453653 -5.168991 -2.328541
-3.106371 -5.168991 -2.328541
-3.106371 -5.168991 -1.981259
-2.759089 -5.168991 -2.328541
-2.411807 -5.168991 -2.328541
-2.759089 -5.168991 -1.981259
-2.411807 -5.168991 -1.981259
-1.717243 -6.210837 -2.675823
-2.064525 -5.863555 -3.023105
-1.717243 -5.863555 -3.023105
-1.717243 -5.863555 -2.675823
-1.369961 -6.210837 -2.675823
-1.022679 -6.210837 -2.675823
-1.369961 -5.863555 -2.675823
-1.022679 -5.863555 -2.675823
-2.064525 -6.210837 -2.328541
-1.717243 -6.210837 -2.328541
-1.717243 -6.210837 -1.981259
-2.064525 -5.863555 -2.328541
-1.717243 -5.863555 -2.328541
-2.064525 -5.863555 -1.981259
-1.717243 -5.863555 -1.981259
-1.196320 -6.037196 -2.154900
-2.064525 -5.516273 -3.023105
-1.717243 -5.516273 -3.023105
-2.064525 -5.516273 -2.675823
-1.717243 -5.516273 -2.675823
-2.064525 -5.168991 -3.023105
-1.717243 -5.168991 -3.023105
-2.064525 -5.168991 -2.675823
-1.717243 -5.168991 -2.675823
-1.369961 -5.516273 -3.023105
-1.369961 -5.516273 -2.675823
-1.369961 -5.168991 -3.023105
-2.064525 -5.168991 -1.981259
-1.022679 -5.516273 -2.328541
-1.022679 -5.516273 -1.981259
-2.759089 -5.168991 -1.633977
-2.411807 -5.168991 -1.633977
-2.411807 -5.168991 -1.286695
-2.759089 -5.516273 -0.592131
-2.411807 -5.516273 -0.592131
-2.411807 -5.168991 -0.592131
-2.064525 -6.210837 -1.633977
-1.717243 -6.210837 -1.633977
-2.064525 -6.210837 -1.286695
-2.064525 -5.863555 -1.633977
-1.717243 -5.863555 -1.633977
-1.369961 -6.210837 -1.633977
-1.022679 -6.210837 -1.633977
-1.369961 -5.863555 -1.633977
-1.022679 -5.863555 -1.633977
-1.022679 -5.863555 -1.286695
-1.717243 -6.210837 -0.592131
-1.717243 -5.863555 -0.592131
-1.369961 -6.210837 -0.592131
-1.022679 -6.210837 -0.592131
-1.369961 -5.863555 -0.939413
-1.022679 -5.863555 -0.939413
-1.369961 -5.863555 -0.592131
-1.022679 -5.863555 -0.592131
-2.064525 -5.516273 -1.633977
-1.717243 -5.516273 -1.633977
-1.717243 -5.516273 -1.286695
-2.064525 -5.168991 -1.633977
-1.717243 -5.168991 -1.633977
-2.064525 -5.168991 -1.286695
-1.717243 -5.168991 -1.286695
-1.369961 -5.516273 -1.633977
-1.022679 -5.516273 -1.633977
-1.369961 -5.516273 -1.286695
-1.022679 -5.516273 -1.286695
-1.369961 -5.168991 -1.633977
-1.369961 -5.168991 -1.286695
-1.717243 -5.516273 -0.939413
-2.064525 -5.516273 -0.592131
-1.717243 -5.516273 -0.592131
-2.064525 -5.168991 -0.939413
-1.717243 -5.168991 -0.939413
-2.064525 -5.168991 -0.592131
-1.717243 -5.168991 -0.592131
-1.196320 -5.342632 -0.765772
-2.759089 -5.168991 0.102432
-2.411807 -5.168991 0.102432
-2.411807 -5.516273 0.449714
-2.759089 -5.168991 0.449714
-2.411807 -5.168991 0.449714
-2.411807 -5.168991 0.796996
-1.717243 -5.863555 -0.244850
-1.369961 -6.210837 -0.244850
-1.022679 -6.210837 -0.244850
-1.369961 -6.210837 0.102432
-1.369961 -5.863555 -0.244850
-1.022679 -5.863555 -0.244850
-1.022679 -5.863555 0.102432
-2.064525 -5.516273 -0.244850
-1.717243 -5.516273 -0.244850
-1.717243 -5.516273 0.102432
-2.064525 -5.168991 -0.244850
-1.717243 -5.168991 -0.244850
-2.064525 -5.168991 0.102432
-1.717243 -5.168991 0.102432
-1.196320 -5.342632 -0.071209
-2.064525 -5.516273 0.449714
-2.064525 -5.516273 0.796996
-2.064525 -5.168991 0.449714
-1.717243 -5.168991 0.449714
-2.064525 -5.168991 0.796996
-1.369961 -5.168991 0.449714
-1.022679 -5.168991 0.449714
-1.369961 -5.168991 0.796996
-1.022679 -5.168991 0.796996
-2.411807 -5.168991 1.144278
-2.064525 -5.168991 1.491560
-1.369961 -5.516273 1.491560
-1.022679 -5.516273 1.491560
-1.369961 -5.168991 1.144278
-1.022679 -5.168991 1.144278
-1.369961 -5.168991 1.491560
-1.022679 -5.168991 1.491560
-1.022679 -5.516273 1.838842
-4.148217 -2.390735 -5.454079
-4.495499 -2.738017 -4.759515
-4.495499 -2.390735 -5.106797
-4.495499 -2.390735 -4.759515
-4.148217 -2.738017 -5.106797
-4.148217 -2.738017 -4.759515
-3.800935 -2.738017 -4.759515
-4.148217 -2.390735 -5.106797
-2.759089 -4.821709 -4.759515
-2.759089 -4.474427 -4.759515
-2.411807 -4.474427 -4.759515
-3.106371 -3.779863 -5.454079
-3.106371 -4.127145 -4.759515
-3.106371 -3.779863 -5.106797
-2.411807 -4.127145 -4.759515
-2.411807 -3.779863 -4.759515
-1.022679 -4.474427 -5.454079
-2.064525 -4.821709 -5.106797
-1.717243 -4.821709 -5.106797
-2.064525 -4.821709 -4.759515
-1.717243 -4.821709 -4.759515
-2.064525 -4.474427 -5.106797
-1.717243 -4.474427 -5.106797
-2.064525 -4.474427 -4.759515
-1.717243 -4.474427 -4.759515
-1.022679 -4.821709 -5.106797
-1.369961 -4.821709 -4.759515
-1.022679 -4.821709 -4.759515
-1.369961 -4.474427 -5.106797
-1.022679 -4.474427 -5.106797
-1.369961 -4.474427 -4.759515
-1.022679 -4.474427 -4.759515
-2.064525 -4.127145 -5.454079
-2.064525 -3.779863 -5.454079
-1.022679 -4.127145 -5.801361
-1.022679 -4.127145 -5.454079
-1.022679 -3.779863 -5.801361
-1.369961 -3.779863 -5.454079
-1.022679 -3.779863 -5.454079
-2.064525 -4.127145 -5.106797
-1.717243 -4.127145 -5.106797
-2.064525 -4.127145 -4.759515
-1.717243 -4.127145 -4.759515
-2.064525 -3.779863 -5.106797
-1.717243 -3.779863 -5.106797
-2.064525 -3.779863 -4.759515
-1.717243 -3.779863 -4.759515
-1.196320 -3.953504 -4.933156
-1.369961 -2.390735 -6.148643
-1.022679 -2.390735 -6.148643
-3.106371 -3.432581 -5.454079
-3.453653 -3.432581 -5.106797
-3.106371 -3.432581 -5.106797
-3.106371 -3.085299 -5.106797
-2.411807 -3.432581 -4.759515
-2.759089 -3.085299 -5.106797
-2.411807 -3.085299 -5.106797
-3.106371 -2.738017 -5.454079
-3.106371 -2.390735 -5.454079
-2.759089 -2.738017 -5.801361
-2.759089 -2.390735 -5.801361
-2.759089 -2.390735 -5.454079
-3.453653 -2.738017 -4.759515
-2.759089 -2.738017 -5.106797
-2.064525 -3.432581 -5.454079
-1.717243 -3.432581 -5.454079
-1.717243 -3.085299 -5.454079
-1.022679 -3.432581 -5.801361
-1.369961 -3.432581 -5.454079
-1.022679 -3.432581 -5.454079
-1.369961 -3.085299 -5.801361
-1.022679 -3.085299 -5.801361
-1.369961 -3.085299 -5.454079
-1.022679 -3.085299 -5.454079
-1.890884 -3.258940 -4.933156
-1.196320 -3.258940 -4.933156
-1.717243 -2.738017 -5.454079
-1.717243 -2.390735 -5.801361
-1.717243 -2.390735 -5.454079
-1.196320 -2.564376 -5.627720
-2.064525 -2.738017 -5.106797
-1.717243 -2.738017 -5.106797
-2.064525 -2.738017 -4.759515
-1.717243 -2.738017 -4.759515
-1.717243 -2.390735 -5.106797
-1.717243 -2.390735 -4.759515
-1.196320 -2.564376 -4.933156
-3.800935 -4.474427 -3.717669
-3.800935 -3.779863 -4.064951
-3.800935 -4.127145 -3.717669
-4.148217 -4.127145 -3.370387
-3.800935 -3.779863 -3.717669
-3.800935 -4.474427 -2.675823
-3.974576 -3.953504 -2.849464
-4.495499 -3.779863 -1.981259
-3.974576 -3.953504 -2.154900
-3.800935 -3.432581 -4.064951
-3.800935 -3.085299 -4.064951
-4.495499 -3.432581 -3.717669
-4.495499 -3.085299 -3.717669
-4.495499 -3.085299 -3.370387
-4.148217 -3.432581 -3.717669
-4.148217 -3.085299 -3.717669
-4.148217 -3.085299 -3.370387
-4.495499 -2.390735 -4.412233
-3.800935 -2.738017 -4.064951
-3.800935 -2.390735 -4.064951
-4.495499 -2.738017 -3.370387
-4.842781 -2.390735 -3.370387
-4.148217 -2.738017 -3.370387
-3.800935 -2.390735 -3.370387
-5.190063 -2.390735 -2.675823
-5.190063 -2.390735 -2.328541
-4.495499 -3.432581 -2.675823
-3.974576 -3.258940 -2.849464
-4.495499 -3.432581 -2.328541
-4.495499 -3.432581 -1.981259
-4.842781 -3.085299 -2.328541
-4.495499 -3.085299 -2.328541
-4.842781 -3.085299 -1.981259
-4.495499 -3.085299 -1.981259
-3.974576 -3.258940 -2.154900
-4.842781 -2.738017 -3.023105
-4.495499 -2.738017 -3.023105
-4.842781 -2.390735 -3.023105
-4.495499 -2.390735 -3.023105
-4.842781 -2.390735 -2.675823
-4.495499 -2.390735 -2.675823
-3.974576 -2.564376 -2.849464
-4.495499 -2.738017 -2.328541
-4.842781 -2.738017 -1.981259
-4.495499 -2.738017 -1.981259
-4.495499 -2.390735 -2.328541
-4.495499 -2.390735 -1.981259
-4.148217 -2.738017 -2.328541
-3.800935 -2.738017 -2.328541
-4.148217 -2.738017 -1.981259
-3.800935 -2.738017 -1.981259
-4.148217 -2.390735 -2.328541
-3.800935 -2.390735 -2.328541
-4.148217 -2.390735 -1.981259
-3.106371 -4.474427 -4.412233
-3.106371 -4.474427 -4.064951
-2.759089 -4.821709 -4.412233
-2.759089 -4.821709 -4.064951
-2.759089 -4.474427 -4.064951
-2.411807 -4.474427 -4.064951
-3.106371 -4.821709 -3.717669
-3.106371 -4.821709 -3.370387
-3.453653 -4.474427 -3.717669
-3.106371 -4.474427 -3.717669
-3.106371 -4.474427 -3.370387
-2.759089 -4.821709 -3.717669
-2.411807 -4.821709 -3.717669
-2.759089 -4.821709 -3.370387
-2.411807 -4.821709 -3.370387
-2.759089 -4.474427 -3.717669
-2.411807 -4.474427 -3.717669
-2.759089 -4.474427 -3.370387
-2.411807 -4.474427 -3.370387
-3.453653 -4.127145 -4.064951
-3.106371 -4.127145 -4.064951
-3.453653 -3.779863 -4.064951
-3.106371 -3.779863 -4.064951
-2.759089 -4.127145 -4.064951
-2.411807 -4.127145 -4.064951
-2.411807 -3.779863 -4.412233
-2.759089 -3.779863 -4.064951
-2.411807 -3.779863 -4.064951
-3.453653 -4.127145 -3.717669
-3.106371 -4.127145 -3.717669
-3.106371 -4.127145 -3.370387
-3.453653 -3.779863 -3.717669
-3.106371 -3.779863 -3.717669
-3.106371 -3.779863 -3.370387
-2.585448 -3.953504 -3.544028
-1.890884 -4.648068 -4.238592
-1.196320 -4.648068 -4.238592
-1.890884 -4.648068 -3.544028
-1.196320 -4.648068 -3.544028
-1.890884 -3.953504 -4.238592
-1.196320 -3.953504 -4.238592
-1.890884 -3.953504 -3.544028
-1.196320 -3.953504 -3.544028
-3.453653 -4.821709 -2.675823
-3.453653 -4.474427 -2.675823
-2.411807 -4.821709 -3.023105
-2.411807 -4.821709 -2.675823
-3.453653 -4.821709 -2.328541
-3.106371 -4.821709 -2.328541
-3.106371 -4.821709 -1.981259
-3.453653 -4.474427 -2.328541
-3.106371 -4.474427 -2.328541
-3.453653 -4.474427 -1.981259
-3.106371 -4.474427 -1.981259
-2.585448 -4.648068 -2.154900
-3.106371 -4.127145 -3.023105
-3.453653 -4.127145 -2.675823
-3.106371 -4.127145 -2.675823
-3.453653 -3.779863 -3.023105
-3.106371 -3.779863 -3.023105
-3.453653 -3.779863 -2.675823
-3.106371 -3.779863 -2.675823
-2.759089 -4.127145 -3.023105
-2.411807 -4.127145 -3.023105
-2.759089 -4.127145 -2.675823
-2.411807 -4.127145 -2.675823
-2.759089 -3.779863 -3.023105
-2.411807 -3.779863 -3.023105
-2.759089 -3.779863 -2.675823
-3.280012 -3.953504 -2.154900
-2.759089 -4.127145 -2.328541
-2.759089 -4.127145 -1.981259
-2.411807 -4.127145 -1.981259
-2.759089 -3.779863 -2.328541
-2.759089 -3.779863 -1.981259
-2.411807 -3.779863 -1.981259
-2.064525 -4.821709 -3.023105
-1.717243 -4.821709 -3.023105
-2.064525 -4.821709 -2.675823
-1.717243 -4.474427 -3.023105
-1.369961 -4.821709 -3.023105
-1.022679 -4.821709 -3.023105
-1.369961 -4.474427 -3.023105
-1.022679 -4.474427 -3.023105
-1.022679 -4.474427 -2.675823
-2.064525 -4.821709 -2.328541
-1.717243 -4.821709 -2.328541
-2.064525 -4.821709 -1.981259
-1.717243 -4.821709 -1.981259
-2.064525 -4.474427 -1.981259
-1.717243 -4.474427 -1.981259
-1.369961 -4.821709 -2.328541
-1.022679 -4.821709 -2.328541
-1.369961 -4.821709 -1.981259
-1.369961 -4.474427 -2.328541
-1.022679 -4.474427 -2.328541
-1.369961 -4.474427 -1.981259
-1.022679 -4.474427 -1.981259
-2.064525 -3.779863 -3.023105
-1.717243 -3.779863 -3.023105
-1.717243 -3.779863 -2.675823
-1.369961 -4.127145 -3.023105
-1.022679 -4.127145 -3.023105
-1.369961 -3.779863 -3.023105
-1.022679 -3.779863 -3.023105
-1.369961 -3.779863 -2.675823
-1.717243 -4.127145 -2.328541
-2.064525 -4.127145 -1.981259
-1.717243 -4.127145 -1.981259
-1.717243 -3.779863 -2.328541
-2.064525 -3.779863 -1.981259
-1.717243 -3.779863 -1.981259
-1.369961 -4.127145 -1.981259
-1.022679 -4.127145 -1.981259
-1.369961 -3.779863 -2.328541
-1.022679 -3.779863 -2.328541
-1.369961 -3.779863 -1.981259
-1.022679 -3.779863 -1.981259
-3.453653 -3.432581 -4.064951
-3.106371 -3.432581 -4.064951
-3.453653 -3.085299 -4.064951
-3.106371 -3.085299 -4.064951
-2.411807 -3.432581 -4.412233
-2.759089 -3.432581 -4.064951
-2.411807 -3.432581 -4.064951
-2.411807 -3.085299 -4.412233
-2.759089 -3.085299 -4.064951
-2.411807 -3.085299 -4.064951
-3.453653 -3.432581 -3.717669
-3.106371 -3.432581 -3.717669
-3.106371 -3.432581 -3.370387
-3.106371 -3.085299 -3.717669
-3.106371 -3.085299 -3.370387
-2.585448 -3.258940 -3.544028
-3.453653 -2.738017 -4.412233
-3.106371 -2.738017 -4.412233
-3.453653 -2.738017 -4.064951
-3.106371 -2.738017 -4.064951
-3.453653 -2.390735 -4.412233
-3.453653 -2.390735 -4.064951
-3.106371 -2.390735 -4.064951
-2.759089 -2.738017 -4.412233
-2.411807 -2.738017 -4.412233
-2.759089 -2.738017 -4.064951
-2.411807 -2.738017 -4.064951
-2.759089 -2.390735 -4.412233
-2.411807 -2.390735 -4.412233
-2.759089 -2.390735 -4.064951
-2.411807 -2.390735 -4.064951
-3.106371 -2.738017 -3.717669
-3.106371 -2.738017 -3.370387
-3.106371 -2.390735 -3.717669
-3.453653 -2.390735 -3.370387
-3.106371 -2.390735 -3.370387
-2.585448 -2.564376 -3.544028
-1.543602 -2.911658 -3.891310
-3.280012 -3.258940 -2.849464
-2.759089 -3.432581 -3.023105
-2.411807 -3.432581 -3.023105
-2.759089 -3.432581 -2.675823
-2.411807 -3.432581 -2.675823
-2.759089 -3.085299 -3.023105
-2.411807 -3.085299 -3.023105
-2.759089 -3.085299 -2.675823
-2.411807 -3.085299 -2.675823
-3.453653 -3.432581 -2.328541
-3.106371 -3.432581 -2.328541
-3.453653 -3.432581 -1.981259
-3.106371 -3.432581 -1.981259
-3.453653 -3.085299 -2.328541
-3.453653 -3.085299 -1.981259
-2.411807 -3.432581 -1.981259
-2.411807 -3.085299 -2.328541
-2.411807 -3.085299 -1.981259
-3.280012 -2.564376 -2.849464
-2.585448 -2.564376 -2.849464
-2.759089 -2.738017 -2.328541
-2.411807 -2.390735 -2.328541
-1.890884 -3.258940 -2.849464
-1.196320 -3.258940 -2.849464
-2.064525 -3.432581 -2.328541
-1.717243 -3.432581 -2.328541
-2.064525 -3.432581 -1.981259
-1.717243 -3.432581 -1.981259
-2.064525 -3.085299 -2.328541
-1.717243 -3.085299 -2.328541
-1.369961 -3.432581 -2.328541
-1.022679 -3.432581 -2.328541
-1.369961 -3.085299 -2.328541
-1.022679 -3.085299 -2.328541
-1.022679 -3.085299 -1.981259
-1.890884 -2.564376 -2.849464
-1.196320 -2.564376 -2.849464
-2.064525 -2.738017 -2.328541
-1.717243 -2.738017 -2.328541
-2.064525 -2.390735 -2.328541
-1.717243 -2.390735 -2.328541
-1.717243 -2.390735 -1.981259
-1.196320 -2.564376 -2.154900
-4.148217 -2.043453 -5.454079
-4.495499 -2.043453 -5.106797
-4.495499 -2.043453 -4.759515
-4.148217 -2.043453 -5.106797
-3.800935 -2.043453 -5.106797
-4.148217 -2.043453 -4.759515
-3.800935 -1.696171 -5.106797
-4.148217 -1.696171 -4.759515
-4.148217 -1.001607 -5.454079
-4.495499 -1.001607 -4.759515
-3.800935 -1.348889 -5.106797
-4.148217 -1.348889 -4.759515
-3.800935 -1.348889 -4.759515
-4.148217 -1.001607 -5.106797
-3.800935 -1.001607 -5.106797
-4.148217 -1.001607 -4.759515
-3.800935 -1.001607 -4.759515
-4.148217 -0.654325 -5.454079
-4.148217 -0.307043 -5.454079
-4.495499 -0.654325 -4.759515
-4.495499 -0.307043 -4.759515
-4.148217 -0.654325 -5.106797
-3.800935 -0.654325 -5.106797
-4.148217 -0.654325 -4.759515
-3.800935 -0.654325 -4.759515
-4.148217 -0.307043 -5.106797
-4.148217 -0.307043 -4.759515
-3.800935 -0.307043 -4.759515
-4.148217 0.040239 -5.454079
-4.148217 0.040239 -5.106797
-4.148217 0.040239 -4.759515
-3.800935 0.387521 -5.106797
-4.148217 0.387521 -4.759515
-1.369961 -2.043453 -6.148643
-1.022679 -2.043453 -6.148643
-1.369961 -1.696171 -6.148643
-1.022679 -1.696171 -6.148643
-1.022679 -1.348889 -6.148643
-1.022679 -1.001607 -6.495925
-1.022679 -1.001607 -6.148643
-2.759089 -2.043453 -5.801361
-2.759089 -2.043453 -5.454079
-2.759089 -1.696171 -5.801361
-2.759089 -1.696171 -5.454079
-2.411807 -1.696171 -5.454079
-3.106371 -1.696171 -4.759515
-2.759089 -1.696171 -5.106797
-2.759089 -1.696171 -4.759515
-3.453653 -1.001607 -5.801361
-2.411807 -1.348889 -5.454079
-2.411807 -1.001607 -5.454079
-3.453653 -1.001607 -4.759515
-2.759089 -1.348889 -4.759515
-2.411807 -1.348889 -4.759515
-2.411807 -1.001607 -5.106797
-2.759089 -1.001607 -4.759515
-2.411807 -1.001607 -4.759515
-2.064525 -2.043453 -5.454079
-1.717243 -2.043453 -5.454079
-2.064525 -1.696171 -5.454079
-1.196320 -1.869812 -5.627720
-1.717243 -2.043453 -4.759515
-2.064525 -1.696171 -4.759515
-1.717243 -1.696171 -4.759515
-1.196320 -1.869812 -4.933156
-1.369961 -1.348889 -5.801361
-1.022679 -1.348889 -5.801361
-1.022679 -1.348889 -5.454079
-1.369961 -1.001607 -5.801361
-1.022679 -1.001607 -5.801361
-1.022679 -1.001607 -5.454079
-2.064525 -1.348889 -4.759515
-1.717243 -1.348889 -4.759515
-2.064525 -1.001607 -4.759515
-1.717243 -1.001607 -4.759515
-1.022679 -1.348889 -5.106797
-1.369961 -1.348889 -4.759515
-1.022679 -1.348889 -4.759515
-1.022679 -1.001607 -5.106797
-1.369961 -1.001607 -4.759515
-1.022679 -1.001607 -4.759515
-1.022679 -0.654325 -6.495925
-1.022679 -0.654325 -6.148643
-1.022679 -0.307043 -6.148643
-1.022679 0.040239 -6.148643
-1.369961 0.387521 -6.148643
-1.022679 0.387521 -6.148643
-3.106371 -0.654325 -5.801361
-3.106371 -0.654325 -5.454079
-3.453653 -0.307043 -5.801361
-3.106371 -0.307043 -5.801361
-3.106371 -0.307043 -5.454079
-2.411807 -0.654325 -5.454079
-2.411807 -0.307043 -5.454079
-3.453653 -0.654325 -4.759515
-3.453653 -0.307043 -4.759515
-3.106371 -0.307043 -4.759515
-2.759089 -0.654325 -4.759515
-2.411807 -0.654325 -4.759515
-2.759089 -0.307043 -4.759515
-3.106371 0.040239 -5.454079
-2.759089 0.040239 -5.454079
-2.411807 0.387521 -5.801361
-2.759089 0.387521 -5.454079
-3.106371 0.040239 -5.106797
-3.106371 0.040239 -4.759515
-3.106371 0.387521 -5.106797
-3.106371 0.387521 -4.759515
-2.759089 0.040239 -4.759515
-2.411807 0.040239 -4.759515
-2.759089 0.387521 -5.106797
-2.759089 0.387521 -4.759515
-1.717243 -0.654325 -5.801361
-1.717243 -0.307043 -5.801361
-2.064525 -0.307043 -5.454079
-1.369961 -0.654325 -5.801361
-1.022679 -0.654325 -5.801361
-2.064525 -0.654325 -4.759515
-1.717243 -0.654325 -4.759515
-1.717243 -0.307043 -5.106797
-2.064525 -0.307043 -4.759515
-1.717243 -0.307043 -4.759515
-1.022679 -0.654325 -5.106797
-1.369961 -0.654325 -4.759515
-1.022679 -0.654325 -4.759515
-1.369961 -0.307043 -4.759515
-1.022679 -0.307043 -4.759515
-2.064525 0.040239 -5.801361
-1.717243 0.040239 -5.801361
-2.064525 0.040239 -5.454079
-2.064525 0.387521 -5.801361
-1.717243 0.387521 -5.801361
-1.717243 0.387521 -5.454079
-1.022679 0.040239 -4.759515
-1.369961 0.387521 -5.106797
-1.022679 0.387521 -5.106797
-1.022679 0.387521 -4.759515
-5.190063 -1.001607 -3.370387
-4.495499 -2.043453 -4.412233
-4.842781 -2.043453 -4.064951
-4.495499 -2.043453 -4.064951
-4.495499 -1.696171 -4.064951
-4.148217 -2.043453 -4.412233
-4.148217 -2.043453 -4.064951
-3.800935 -2.043453 -4.064951
-4.148217 -1.696171 -4.412233
-3.800935 -1.696171 -4.412233
-4.148217 -1.696171 -4.064951
-4.842781 -2.043453 -3.717669
-4.495499 -1.696171 -3.717669
-4.148217 -2.043453 -3.717669
-4.148217 -2.043453 -3.370387
-3.800935 -2.043453 -3.370387
-4.148217 -1.696171 -3.717669
-4.148217 -1.696171 -3.370387
-3.800935 -1.696171 -3.370387
-4.495499 -1.348889 -4.064951
-4.842781 -1.001607 -4.412233
-4.495499 -1.001607 -4.412233
-4.842781 -1.001607 -4.064951
-4.495499 -1.001607 -4.064951
-4.148217 -1.348889 -4.412233
-3.800935 -1.348889 -4.412233
-4.148217 -1.348889 -4.064951
-4.148217 -1.001607 -4.412233
-3.800935 -1.001607 -4.412233
-4.148217 -1.001607 -4.064951
-4.495499 -1.348889 -3.717669
-4.495499 -1.348889 -3.370387
-4.842781 -1.001607 -3.717669
-4.495499 -1.001607 -3.717669
-4.842781 -1.001607 -3.370387
-4.495499 -1.001607 -3.370387
-4.148217 -1.348889 -3.717669
-4.148217 -1.348889 -3.370387
-3.800935 -1.348889 -3.370387
-4.148217 -1.001607 -3.717669
-3.800935 -1.001607 -3.717669
-4.148217 -1.001607 -3.370387
-3.800935 -1.001607 -3.370387
-5.190063 -2.043453 -2.675823
-4.842781 -2.043453 -2.675823
-4.495499 -2.043453 -2.675823
-4.148217 -2.043453 -3.023105
-3.800935 -2.043453 -3.023105
-4.148217 -2.043453 -2.675823
-3.800935 -2.043453 -2.675823
-4.148217 -1.696171 -3.023105
-3.800935 -1.696171 -3.023105
-3.800935 -1.696171 -2.675823
-4.842781 -2.043453 -2.328541
-4.495499 -2.043453 -2.328541
-4.495499 -2.043453 -1.981259
-4.495499 -1.696171 -1.981259
-4.148217 -2.043453 -2.328541
-3.800935 -1.696171 -1.981259
-4.495499 -1.348889 -3.023105
-4.842781 -1.001607 -3.023105
-4.495499 -1.001607 -3.023105
-4.495499 -1.001607 -2.675823
-3.974576 -1.175248 -2.849464
-4.495499 -1.001607 -2.328541
-4.495499 -1.001607 -1.981259
-3.800935 -1.348889 -2.328541
-4.148217 -1.348889 -1.981259
-3.800935 -1.348889 -1.981259
-4.148217 -1.001607 -2.328541
-3.800935 -1.001607 -2.328541
-4.148217 -1.001607 -1.981259
-3.800935 -1.001607 -1.981259
-4.842781 -0.654325 -4.412233
-4.495499 -0.654325 -4.412233
-4.842781 -0.654325 -4.064951
-4.495499 -0.654325 -4.064951
-4.495499 -0.307043 -4.412233
-4.495499 -0.307043 -4.064951
-4.148217 -0.654325 -4.412233
-3.800935 -0.654325 -4.412233
-4.148217 -0.654325 -4.064951
-4.148217 -0.307043 -4.412233
-4.148217 -0.307043 -4.064951
-4.495499 -0.654325 -3.717669
-4.495499 -0.654325 -3.370387
-4.495499 -0.307043 -3.717669
-4.495499 -0.307043 -3.370387
-3.974576 -0.480684 -3.544028
-4.495499 0.040239 -4.412233
-4.148217 0.040239 -4.412233
-4.148217 0.040239 -4.064951
-4.148217 0.387521 -4.412233
-4.148217 0.387521 -4.064951
-4.495499 0.040239 -3.717669
-4.495499 0.040239 -3.370387
-4.495499 0.387521 -3.370387
-3.974576 0.213880 -3.544028
-4.495499 -0.654325 -3.023105
-4.495499 -0.654325 -2.675823
-4.842781 -0.307043 -3.023105
-4.495499 -0.307043 -3.023105
-3.974576 -0.480684 -2.849464
-4.495499 -0.654325 -2.328541
-4.495499 -0.654325 -1.981259
-4.495499 -0.307043 -2.328541
-4.842781 -0.307043 -1.981259
-4.495499 -0.307043 -1.981259
-3.974576 -0.480684 -2.154900
-4.495499 0.040239 -3.023105
-4.495499 0.387521 -3.023105
-4.148217 0.040239 -3.023105
-3.800935 0.040239 -3.023105
-4.148217 0.040239 -2.675823
-3.800935 0.040239 -2.675823
-4.148217 0.387521 -3.023105
-3.800935 0.387521 -3.023105
-3.800935 0.387521 -2.675823
-4.842781 0.040239 -1.981259
-4.495499 0.040239 -1.981259
-4.495499 0.387521 -1.981259
-4.148217 0.040239 -2.328541
-3.800935 0.040239 -2.328541
-4.148217 0.040239 -1.981259
-3.800935 0.040239 -1.981259
-3.800935 0.387521 -2.328541
-4.148217 0.387521 -1.981259
-3.800935 0.387521 -1.981259
-3.453653 -2.043453 -4.064951
-3.453653 -1.696171 -4.412233
-2.759089 -2.043453 -4.412233
-2.411807 -2.043453 -4.412233
-2.759089 -2.043453 -4.064951
-2.411807 -2.043453 -4.064951
-2.759089 -1.696171 -4.412233
-2.411807 -1.696171 -4.412233
-2.411807 -1.696171 -4.064951
-3.106371 -2.043453 -3.717669
-3.453653 -2.043453 -3.370387
-3.106371 -2.043453 -3.370387
-3.453653 -1.696171 -3.370387
-3.106371 -1.696171 -3.370387
-2.585448 -1.869812 -3.544028
-3.453653 -1.348889 -4.412233
-3.106371 -1.348889 -4.412233
-3.453653 -1.001607 -4.412233
-3.106371 -1.001607 -4.412233
-3.106371 -1.001607 -4.064951
-2.759089 -1.348889 -4.412233
-2.411807 -1.348889 -4.412233
-2.759089 -1.348889 -4.064951
-2.411807 -1.348889 -4.064951
-2.759089 -1.001607 -4.412233
-2.411807 -1.001607 -4.412233
-2.759089 -1.001607 -4.064951
-2.411807 -1.001607 -4.064951
-3.453653 -1.348889 -3.370387
-3.106371 -1.348889 -3.370387
-3.453653 -1.001607 -3.370387
-2.411807 -1.348889 -3.717669
-2.759089 -1.348889 -3.370387
-2.411807 -1.348889 -3.370387
-2.411807 -1.001607 -3.717669
-2.411807 -1.001607 -3.370387
-1.543602 -1.522530 -3.891310
-3.453653 -2.043453 -3.023105
-3.106371 -2.043453 -3.023105
-3.453653 -2.043453 -2.675823
-3.106371 -2.043453 -2.675823
-3.453653 -1.696171 -3.023105
-3.106371 -1.696171 -3.023105
-3.453653 -1.696171 -2.675823
-3.106371 -1.696171 -2.675823
-2.585448 -1.869812 -2.849464
-3.106371 -1.696171 -2.328541
-3.453653 -1.696171 -1.981259
-3.106371 -1.696171 -1.981259
-2.759089 -2.043453 -2.328541
-2.411807 -2.043453 -2.328541
-2.411807 -2.043453 -1.981259
-2.759089 -1.696171 -2.328541
-2.411807 -1.696171 -2.328541
-2.759089 -1.696171 -1.981259
-2.411807 -1.696171 -1.981259
-3.280012 -1.175248 -2.849464
-2.585448 -1.175248 -2.849464
-3.280012 -1.175248 -2.154900
-2.585448 -1.175248 -2.154900
-1.543602 -1.522530 -2.502182
-3.453653 -0.654325 -4.412233
-3.106371 -0.654325 -4.412233
-3.106371 -0.654325 -4.064951
-3.453653 -0.307043 -4.412233
-3.106371 -0.307043 -4.412233
-3.106371 -0.307043 -4.064951
-2.585448 -0.480684 -4.238592
-3.453653 -0.654325 -3.717669
-3.106371 -0.654325 -3.717669
-3.453653 -0.654325 -3.370387
-3.453653 -0.307043 -3.717669
-3.106371 -0.307043 -3.717669
-3.453653 -0.307043 -3.370387
-3.106371 -0.307043 -3.370387
-2.759089 -0.654325 -3.717669
-2.411807 -0.654325 -3.717669
-2.411807 -0.654325 -3.370387
-2.759089 -0.307043 -3.717669
-2.411807 -0.307043 -3.717669
-2.759089 -0.307043 -3.370387
-2.411807 -0.307043 -3.370387
-3.453653 0.040239 -4.412233
-3.106371 0.040239 -4.412233
-3.106371 0.040239 -4.064951
-3.106371 0.387521 -4.412233
-3.106371 0.387521 -4.064951
-2.759089 0.040239 -4.412233
-2.411807 0.040239 -4.412233
-2.759089 0.040239 -4.064951
-2.411807 0.040239 -4.064951
-2.759089 0.387521 -4.412233
-2.411807 0.387521 -4.412233
-2.759089 0.387521 -4.064951
-2.411807 0.387521 -4.064951
-3.280012 0.213880 -3.544028
-2.585448 0.213880 -3.544028
-1.890884 -0.480684 -4.238592
-1.196320 -0.480684 -4.238592
-1.890884 -0.480684 -3.544028
-1.196320 -0.480684 -3.544028
-2.064525 0.040239 -4.412233
-1.717243 0.040239 -4.412233
-2.064525 0.040239 -4.064951
-1.717243 0.040239 -4.064951
-2.064525 0.387521 -4.412233
-1.717243 0.387521 -4.412233
-2.064525 0.387521 -4.064951
-1.717243 0.387521 -4.064951
-1.196320 0.213880 -4.238592
-1.890884 0.213880 -3.544028
-1.196320 0.213880 -3.544028
-3.453653 -0.654325 -3.023105
-3.453653 -0.654325 -2.675823
-3.106371 -0.654325 -2.675823
-3.453653 -0.307043 -3.023105
-3.106371 -0.307043 -3.023105
-3.453653 -0.307043 -2.675823
-3.106371 -0.307043 -2.675823
-2.411807 -0.654325 -3.023105
-2.759089 -0.654325 -2.675823
-2.411807 -0.654325 -2.675823
-2.411807 -0.307043 -3.023105
-2.411807 -0.307043 -2.675823
-3.280012 -0.480684 -2.154900
-2.585448 -0.480684 -2.154900
-3.280012 0.213880 -2.849464
-2.759089 0.040239 -3.023105
-2.411807 0.040239 -3.023105
-2.411807 0.040239 -2.675823
-2.759089 0.387521 -3.023105
-2.411807 0.387521 -3.023105
-2.759089 0.387521 -2.675823
-2.411807 0.387521 -2.675823
-3.453653 0.040239 -2.328541
-3.106371 0.040239 -2.328541
-3.453653 0.040239 -1.981259
-3.106371 0.040239 -1.981259
-3.453653 0.387521 -2.328541
-3.106371 0.387521 -2.328541
-3.453653 0.387521 -1.981259
-3.106371 0.387521 -1.981259
-2.759089 0.040239 -1.981259
-2.411807 0.040239 -1.981259
-1.890884 -0.480684 -2.849464
-1.196320 -0.480684 -2.849464
-1.890884 -0.480684 -2.154900
-1.196320 -0.480684 -2.154900
-1.890884 0.213880 -2.849464
-1.196320 0.213880 -2.849464
-1.890884 0.213880 -2.154900
-1.369961 0.040239 -2.328541
-1.022679 0.040239 -2.328541
-1.369961 0.040239 -1.981259
-1.022679 0.040239 -1.981259
-1.369961 0.387521 -2.328541
-1.022679 0.387521 -2.328541
-1.369961 0.387521 -1.981259
-1.022679 0.387521 -1.981259
-4.148217 -3.779863 -1.633977
-3.800935 -3.779863 -1.633977
-4.148217 -3.779863 -1.286695
-3.800935 -3.779863 -1.286695
-3.800935 -4.127145 -0.939413
-3.800935 -3.779863 -0.939413
-3.800935 -3.779863 -0.592131
-4.495499 -3.432581 -1.633977
-4.495499 -3.432581 -1.286695
-4.842781 -3.085299 -1.633977
-4.495499 -3.085299 -1.633977
-4.495499 -3.085299 -1.286695
-3.974576 -3.258940 -1.460336
-3.800935 -3.432581 -0.939413
-3.800935 -3.432581 -0.592131
-4.148217 -3.085299 -0.939413
-3.800935 -3.085299 -0.939413
-3.800935 -3.085299 -0.592131
-4.842781 -2.738017 -1.633977
-4.495499 -2.738017 -1.633977
-4.495499 -2.390735 -1.633977
-4.148217 -2.738017 -1.633977
-3.800935 -2.738017 -1.633977
-4.148217 -2.738017 -1.286695
-3.800935 -2.738017 -1.286695
-4.148217 -2.390735 -1.633977
-3.800935 -2.390735 -1.633977
-3.800935 -2.390735 -1.286695
-3.800935 -2.738017 -0.939413
-3.800935 -2.738017 -0.592131
-3.800935 -2.390735 -0.939413
-3.800935 -2.390735 -0.592131
-3.800935 -3.432581 -0.244850
-3.800935 -3.432581 0.102432
-3.800935 -3.085299 -0.244850
-3.800935 -3.085299 0.102432
-3.800935 -3.085299 0.449714
-4.495499 -2.390735 -0.244850
-3.800935 -2.738017 -0.244850
-4.148217 -2.738017 0.102432
-3.800935 -2.738017 0.102432
-3.800935 -2.390735 -0.244850
-4.148217 -2.390735 0.102432
-3.800935 -2.390735 0.102432
-3.800935 -2.738017 0.449714
-3.800935 -2.738017 0.796996
-3.800935 -2.390735 0.449714
-3.800935 -2.390735 0.796996
-3.106371 -4.821709 -1.633977
-3.106371 -4.474427 -1.633977
-2.759089 -4.821709 -1.633977
-2.411807 -4.821709 -1.633977
-2.759089 -4.821709 -1.286695
-2.411807 -4.821709 -1.286695
-2.759089 -4.474427 -1.633977
-2.411807 -4.474427 -1.633977
-2.759089 -4.474427 -1.286695
-2.411807 -4.474427 -1.286695
-3.453653 -4.127145 -1.633977
-3.106371 -4.127145 -1.633977
-3.106371 -4.127145 -1.286695
-3.453653 -3.779863 -1.633977
-3.106371 -3.779863 -1.633977
-3.453653 -3.779863 -1.286695
-3.106371 -3.779863 -1.286695
-2.585448 -3.953504 -1.460336
-3.453653 -4.127145 -0.592131
-3.453653 -3.779863 -0.939413
-3.106371 -3.779863 -0.939413
-3.453653 -3.779863 -0.592131
-2.759089 -4.127145 -0.939413
-2.411807 -4.127145 -0.939413
-2.759089 -3.779863 -0.939413
-2.411807 -3.779863 -0.939413
-2.411807 -3.779863 -0.592131
-1.890884 -4.648068 -1.460336
-1.369961 -4.821709 -1.633977
-1.369961 -4.821709 -1.286695
-1.369961 -4.474427 -1.633977
-1.022679 -4.474427 -1.633977
-1.369961 -4.474427 -1.286695
-2.064525 -4.821709 -0.939413
-1.717243 -4.821709 -0.939413
-1.717243 -4.821709 -0.592131
-1.717243 -4.474427 -0.592131
-1.369961 -4.821709 -0.939413
-1.369961 -4.821709 -0.592131
-1.022679 -4.821709 -0.592131
-1.022679 -4.474427 -0.592131
-2.064525 -4.127145 -1.633977
-1.717243 -4.127145 -1.633977
-2.064525 -4.127145 -1.286695
-2.064525 -3.779863 -1.633977
-1.717243 -3.779863 -1.633977
-2.064525 -3.779863 -1.286695
-1.717243 -3.779863 -1.286695
-1.369961 -4.127145 -1.633977
-1.022679 -4.127145 -1.633977
-1.369961 -3.779863 -1.633977
-1.369961 -3.779863 -1.286695
-2.064525 -4.127145 -0.592131
-1.717243 -4.127145 -0.592131
-2.064525 -3.779863 -0.939413
-1.717243 -3.779863 -0.939413
-2.064525 -3.779863 -0.592131
-1.717243 -3.779863 -0.592131
-1.022679 -3.779863 -0.592131
-3.106371 -4.821709 0.102432
-2.759089 -4.821709 0.102432
-2.411807 -4.821709 0.102432
-2.759089 -4.474427 0.102432
-3.106371 -4.474427 0.449714
-3.106371 -4.474427 0.796996
-2.585448 -4.648068 0.623355
-3.453653 -3.779863 -0.244850
-3.106371 -3.779863 0.102432
-2.759089 -4.127145 0.102432
-2.411807 -4.127145 0.102432
-2.411807 -3.779863 -0.244850
-2.759089 -3.779863 0.102432
-2.411807 -3.779863 0.102432
-3.106371 -4.127145 0.449714
-3.106371 -3.779863 0.449714
-2.585448 -3.953504 0.623355
-2.064525 -4.821709 0.102432
-1.369961 -4.821709 -0.244850
-1.022679 -4.821709 -0.244850
-1.022679 -4.821709 0.102432
-1.369961 -4.474427 -0.244850
-1.022679 -4.474427 -0.244850
-1.022679 -4.474427 0.102432
-2.064525 -4.821709 0.449714
-1.717243 -4.821709 0.449714
-2.064525 -4.821709 0.796996
-2.064525 -4.474427 0.449714
-1.369961 -4.821709 0.796996
-1.022679 -4.821709 0.796996
-1.717243 -4.127145 -0.244850
-2.064525 -3.779863 -0.244850
-2.064525 -3.779863 0.102432
-1.022679 -4.127145 -0.244850
-1.369961 -4.127145 0.102432
-1.022679 -4.127145 0.102432
-1.022679 -3.779863 -0.244850
-1.369961 -3.779863 0.102432
-1.022679 -3.779863 0.102432
-2.064525 -4.127145 0.449714
-1.717243 -3.779863 0.449714
-1.717243 -3.779863 0.796996
-1.022679 -4.127145 0.449714
-1.369961 -3.779863 0.449714
-1.022679 -3.779863 0.449714
-1.369961 -3.779863 0.796996
-1.022679 -3.779863 0.796996
-3.280012 -3.258940 -1.460336
-2.585448 -3.258940 -1.460336
-3.453653 -3.432581 -0.939413
-3.106371 -3.432581 -0.939413
-3.453653 -3.085299 -0.939413
-2.585448 -3.258940 -0.765772
-3.453653 -2.738017 -1.633977
-3.106371 -2.738017 -1.633977
-3.453653 -2.738017 -1.286695
-3.106371 -2.738017 -1.286695
-3.453653 -2.390735 -1.633977
-3.106371 -2.390735 -1.633977
-3.453653 -2.390735 -1.286695
-3.106371 -2.390735 -1.286695
-2.759089 -2.738017 -1.633977
-2.411807 -2.738017 -1.633977
-2.759089 -2.738017 -1.286695
-2.411807 -2.738017 -1.286695
-2.759089 -2.390735 -1.633977
-2.411807 -2.390735 -1.633977
-2.759089 -2.390735 -1.286695
-2.411807 -2.390735 -1.286695
-3.106371 -2.738017 -0.939413
-3.106371 -2.390735 -0.939413
-3.106371 -2.390735 -0.592131
-2.585448 -2.564376 -0.765772
-2.064525 -3.432581 -1.633977
-1.717243 -3.432581 -1.633977
-2.064525 -3.432581 -1.286695
-1.717243 -3.432581 -1.286695
-2.064525 -3.085299 -1.633977
-2.064525 -3.085299 -1.286695
-1.717243 -3.085299 -1.286695
-1.369961 -3.432581 -1.286695
-1.022679 -3.432581 -1.286695
-1.369961 -3.085299 -1.286695
-1.022679 -3.085299 -1.286695
-1.890884 -3.258940 -0.765772
-1.196320 -3.258940 -0.765772
-1.717243 -2.738017 -1.633977
-2.064525 -2.738017 -1.286695
-1.717243 -2.738017 -1.286695
-2.064525 -2.390735 -1.633977
-1.717243 -2.390735 -1.633977
-2.064525 -2.390735 -1.286695
-1.717243 -2.390735 -1.286695
-1.196320 -2.564376 -1.460336
-1.890884 -2.564376 -0.765772
-1.196320 -2.564376 -0.765772
-3.453653 -3.432581 -0.244850
-3.453653 -3.432581 0.102432
-3.106371 -3.432581 0.102432
-3.453653 -3.085299 -0.244850
-3.106371 -3.085299 -0.244850
-3.453653 -3.085299 0.102432
-3.106371 -3.085299 0.102432
-2.585448 -3.258940 -0.071209
-3.106371 -3.432581 0.449714
-3.106371 -3.432581 0.796996
-3.453653 -3.085299 0.449714
-3.106371 -3.085299 0.449714
-3.453653 -3.085299 0.796996
-3.106371 -3.085299 0.796996
-2.759089 -3.432581 0.449714
-2.411807 -3.432581 0.449714
-2.759089 -3.432581 0.796996
-2.411807 -3.432581 0.796996
-2.759089 -3.085299 0.449714
-2.759089 -3.085299 0.796996
-2.411807 -3.085299 0.796996
-3.453653 -2.738017 -0.244850
-3.106371 -2.738017 -0.244850
-3.453653 -2.738017 0.102432
-3.106371 -2.738017 0.102432
-3.453653 -2.390735 -0.244850
-3.106371 -2.390735 -0.244850
-3.453653 -2.390735 0.102432
-3.106371 -2.390735 0.102432
-2.585448 -2.564376 -0.071209
-3.280012 -2.564376 0.623355
-2.759089 -2.738017 0.449714
-2.759089 -2.738017 0.796996
-2.759089 -2.390735 0.449714
-2.759089 -2.390735 0.796996
-2.064525 -3.432581 -0.244850
-2.064525 -3.085299 -0.244850
-1.717243 -3.085299 -0.244850
-2.064525 -3.085299 0.102432
-1.022679 -3.432581 -0.244850
-1.369961 -3.432581 0.102432
-1.022679 -3.432581 0.102432
-1.369961 -3.085299 -0.244850
-1.022679 -3.085299 -0.244850
-1.369961 -3.085299 0.102432
-1.022679 -3.085299 0.102432
-1.717243 -3.432581 0.796996
-1.717243 -3.085299 0.796996
-1.196320 -3.258940 0.623355
-1.890884 -2.564376 -0.071209
-1.196320 -2.564376 -0.071209
-1.717243 -2.738017 0.796996
-2.064525 -2.390735 0.449714
-1.717243 -2.390735 0.449714
-1.717243 -2.390735 0.796996
-1.196320 -2.564376 0.623355
-3.106371 -4.474427 1.144278
-2.759089 -4.821709 1.144278
-2.411807 -4.821709 1.144278
-2.411807 -4.821709 1.491560
-2.759089 -4.474427 1.144278
-2.411807 -4.474427 1.144278
-2.759089 -4.474427 1.491560
-2.411807 -4.474427 1.491560
-3.106371 -4.127145 1.491560
-2.759089 -4.127145 1.144278
-2.411807 -4.127145 1.144278
-2.759089 -4.127145 1.491560
-2.411807 -4.127145 1.491560
-2.759089 -3.779863 1.144278
-2.411807 -3.779863 1.144278
-1.717243 -4.821709 1.491560
-1.717243 -4.474427 1.144278
-1.369961 -4.821709 1.144278
-1.022679 -4.821709 1.144278
-1.369961 -4.821709 1.491560
-1.022679 -4.821709 1.491560
-1.369961 -4.474427 1.144278
-1.369961 -4.474427 1.491560
-1.022679 -4.474427 1.491560
-1.717243 -4.474427 2.186124
-1.022679 -4.474427 1.838842
-1.369961 -4.474427 2.186124
-1.022679 -4.474427 2.186124
-1.717243 -4.127145 1.144278
-1.717243 -3.779863 1.144278
-1.717243 -3.779863 1.491560
-1.369961 -4.127145 1.144278
-1.369961 -4.127145 1.491560
-1.022679 -4.127145 1.491560
-1.369961 -3.779863 1.144278
-1.022679 -3.779863 1.144278
-1.369961 -3.779863 1.491560
-1.022679 -3.779863 1.491560
-1.717243 -3.779863 1.838842
-1.369961 -4.127145 1.838842
-1.022679 -4.127145 1.838842
-1.369961 -4.127145 2.186124
-1.022679 -4.127145 2.186124
-1.369961 -3.779863 1.838842
-1.022679 -3.779863 1.838842
-1.022679 -3.779863 2.186124
-1.022679 -4.127145 2.533406
-1.022679 -4.127145 2.880688
-1.369961 -3.779863 2.533406
-1.022679 -3.779863 2.533406
-3.453653 -3.432581 1.144278
-3.106371 -3.432581 1.144278
-3.453653 -3.085299 1.144278
-3.106371 -3.085299 1.144278
-2.759089 -3.432581 1.144278
-2.411807 -3.432581 1.144278
-2.759089 -3.085299 1.144278
-2.411807 -3.085299 1.144278
-2.759089 -3.085299 1.838842
-2.411807 -3.085299 1.838842
-2.411807 -3.085299 2.186124
-3.106371 -2.738017 1.144278
-3.453653 -2.390735 1.144278
-3.106371 -2.390735 1.144278
-3.106371 -2.390735 1.491560
-2.759089 -2.738017 1.144278
-2.411807 -2.738017 1.144278
-2.759089 -2.738017 1.491560
-2.759089 -2.390735 1.144278
-3.106371 -2.390735 1.838842
-2.759089 -2.738017 1.838842
-2.411807 -2.738017 2.186124
-2.759089 -2.390735 1.838842
-2.759089 -2.390735 2.186124
-2.411807 -2.390735 2.186124
-2.064525 -3.432581 1.144278
-1.717243 -3.432581 1.144278
-1.717243 -3.432581 1.491560
-2.064525 -3.085299 1.144278
-1.717243 -3.085299 1.144278
-1.717243 -3.085299 1.491560
-1.196320 -3.258940 1.317919
-2.064525 -3.432581 1.838842
-2.064525 -3.085299 1.838842
-1.717243 -3.085299 1.838842
-2.064525 -3.085299 2.186124
-1.717243 -3.085299 2.186124
-1.022679 -3.432581 1.838842
-2.064525 -2.738017 1.144278
-1.717243 -2.738017 1.144278
-2.064525 -2.738017 1.491560
-1.717243 -2.738017 1.491560
-1.717243 -2.390735 1.144278
-2.064525 -2.390735 1.491560
-1.717243 -2.390735 1.491560
-1.196320 -2.564376 1.317919
-1.890884 -2.564376 2.012483
-1.369961 -2.738017 1.838842
-1.369961 -2.738017 2.186124
-1.369961 -2.390735 1.838842
-1.022679 -2.390735 1.838842
-1.369961 -2.390735 2.186124
-1.022679 -2.390735 2.186124
-1.717243 -3.432581 2.533406
-2.064525 -3.085299 2.533406
-1.717243 -3.085299 2.533406
-1.717243 -3.085299 2.880688
-1.369961 -3.432581 2.533406
-1.022679 -3.432581 2.533406
-1.369961 -3.085299 2.533406
-1.022679 -3.085299 2.533406
-1.369961 -3.085299 2.880688
-1.022679 -3.085299 2.880688
-2.064525 -2.738017 2.533406
-1.717243 -2.738017 2.533406
-1.717243 -2.738017 2.880688
-2.064525 -2.390735 2.533406
-1.717243 -2.390735 2.533406
-1.717243 -2.390735 2.880688
-1.196320 -2.564376 2.707047
-4.495499 -2.043453 -1.633977
-3.800935 -1.696171 -1.633977
-3.800935 -2.043453 -0.592131
-4.495499 -1.001607 -1.286695
-3.800935 -1.348889 -1.633977
-4.148217 -1.348889 -1.286695
-4.148217 -1.001607 -1.633977
-3.800935 -1.001607 -1.633977
-4.148217 -1.001607 -1.286695
-4.495499 -1.001607 -0.939413
-4.148217 -1.348889 -0.939413
-4.148217 -1.001607 -0.939413
-4.148217 -1.001607 -0.592131
-3.800935 -1.001607 -0.592131
-3.800935 -2.043453 -0.244850
-3.800935 -2.043453 0.102432
-3.800935 -1.696171 -0.244850
-4.148217 -2.043453 0.449714
-3.800935 -1.348889 -0.244850
-3.800935 -1.001607 -0.244850
-3.800935 -1.001607 0.102432
-3.800935 -1.001607 0.449714
-4.495499 -0.654325 -1.633977
-4.842781 -0.654325 -1.286695
-4.495499 -0.654325 -1.286695
-4.842781 -0.307043 -1.633977
-4.495499 -0.307043 -1.633977
-4.842781 -0.307043 -1.286695
-4.495499 -0.307043 -1.286695
-4.148217 -0.654325 -1.633977
-3.800935 -0.654325 -1.633977
-4.148217 -0.307043 -1.633977
-3.800935 -0.307043 -1.633977
-4.495499 -0.654325 -0.939413
-4.495499 -0.654325 -0.592131
-4.495499 -0.307043 -0.939413
-4.495499 -0.307043 -0.592131
-4.148217 -0.654325 -0.592131
-3.800935 -0.654325 -0.592131
-4.148217 -0.307043 -0.592131
-3.800935 -0.307043 -0.592131
-4.842781 0.040239 -1.633977
-4.495499 0.040239 -1.633977
-4.495499 0.040239 -1.286695
-4.495499 0.387521 -1.633977
-4.148217 0.040239 -1.633977
-3.800935 0.040239 -1.633977
-3.800935 0.040239 -1.286695
-4.148217 0.387521 -1.633977
-3.800935 0.387521 -1.633977
-3.800935 0.387521 -1.286695
-4.495499 0.040239 -0.939413
-4.495499 0.387521 -0.939413
-3.800935 0.040239 -0.939413
-4.148217 0.040239 -0.592131
-3.800935 0.040239 -0.592131
-3.800935 0.387521 -0.939413
-4.148217 0.387521 -0.592131
-3.800935 0.387521 -0.592131
-3.800935 -0.654325 0.102432
-3.800935 -0.307043 -0.244850
-3.800935 -0.307043 0.102432
-3.800935 -0.654325 0.449714
-3.800935 -0.654325 0.796996
-3.800935 -0.307043 0.449714
-3.800935 -0.307043 0.796996
-3.800935 0.040239 -0.244850
-3.800935 0.387521 -0.244850
-3.800935 0.040239 0.449714
-3.800935 0.040239 0.796996
-3.800935 0.387521 0.449714
-3.800935 0.387521 0.796996
-3.280012 -1.869812 -1.460336
-2.585448 -1.869812 -1.460336
-3.106371 -2.043453 -0.939413
-3.106371 -2.043453 -0.592131
-3.106371 -1.696171 -0.939413
-3.106371 -1.696171 -0.592131
-2.585448 -1.869812 -0.765772
-3.453653 -1.348889 -1.633977
-3.106371 -1.348889 -1.633977
-3.106371 -1.348889 -1.286695
-3.453653 -1.001607 -1.633977
-3.106371 -1.001607 -1.633977
-2.585448 -1.175248 -1.460336
-3.106371 -1.348889 -0.939413
-3.453653 -1.348889 -0.592131
-3.106371 -1.348889 -0.592131
-3.453653 -1.001607 -0.939413
-3.106371 -1.001607 -0.939413
-3.453653 -1.001607 -0.592131
-3.106371 -1.001607 -0.592131
-2.585448 -1.175248 -0.765772
-1.890884 -1.869812 -1.460336
-1.369961 -2.043453 -1.633977
-1.022679 -2.043453 -1.633977
-1.369961 -2.043453 -1.286695
-1.022679 -2.043453 -1.286695
-1.369961 -1.696171 -1.633977
-1.022679 -1.696171 -1.633977
-1.369961 -1.696171 -1.286695
-1.022679 -1.696171 -1.286695
-1.890884 -1.869812 -0.765772
-1.196320 -1.869812 -0.765772
-1.890884 -1.175248 -1.460336
-1.369961 -1.348889 -1.633977
-1.022679 -1.348889 -1.633977
-1.369961 -1.348889 -1.286695
-1.369961 -1.001607 -1.633977
-1.369961 -1.001607 -1.286695
-1.890884 -1.175248 -0.765772
-1.196320 -1.175248 -0.765772
-3.280012 -1.869812 -0.071209
-2.759089 -2.043453 -0.244850
-2.411807 -2.043453 -0.244850
-2.759089 -2.043453 0.102432
-2.411807 -2.043453 0.102432
-2.759089 -1.696171 -0.244850
-2.411807 -1.696171 -0.244850
-3.453653 -2.043453 0.449714
-3.106371 -2.043453 0.449714
-3.453653 -2.043453 0.796996
-3.106371 -2.043453 0.796996
-3.453653 -1.696171 0.449714
-3.106371 -1.696171 0.449714
-3.106371 -1.696171 0.796996
-2.759089 -2.043453 0.796996
-2.411807 -2.043453 0.796996
-2.759089 -1.696171 0.796996
-2.411807 -1.696171 0.796996
-3.280012 -1.175248 -0.071209
-2.759089 -1.348889 -0.244850
-2.411807 -1.348889 -0.244850
-2.759089 -1.001607 -0.244850
-2.411807 -1.001607 -0.244850
-2.411807 -1.001607 0.102432
-3.453653 -1.348889 0.449714
-3.106371 -1.348889 0.449714
-3.106371 -1.348889 0.796996
-3.453653 -1.001607 0.449714
-3.106371 -1.001607 0.449714
-3.453653 -1.001607 0.796996
-3.106371 -1.001607 0.796996
-2.411807 -1.348889 0.449714
-2.759089 -1.348889 0.796996
-2.411807 -1.348889 0.796996
-2.411807 -1.001607 0.449714
-2.759089 -1.001607 0.796996
-2.411807 -1.001607 0.796996
-1.890884 -1.869812 -0.071209
-1.196320 -1.869812 -0.071209
-1.890884 -1.869812 0.623355
-1.196320 -1.869812 0.623355
-1.890884 -1.175248 -0.071209
-1.196320 -1.175248 -0.071209
-1.890884 -1.175248 0.623355
-1.196320 -1.175248 0.623355
-3.453653 -0.654325 -1.633977
-3.453653 -0.307043 -1.633977
-3.453653 -0.307043 -1.286695
-2.759089 -0.654325 -1.633977
-2.411807 -0.654325 -1.633977
-2.759089 -0.654325 -1.286695
-2.411807 -0.654325 -1.286695
-2.411807 -0.307043 -1.633977
-2.759089 -0.307043 -1.286695
-2.411807 -0.307043 -1.286695
-3.453653 -0.654325 -0.939413
-3.106371 -0.654325 -0.939413
-3.453653 -0.654325 -0.592131
-3.106371 -0.654325 -0.592131
-3.453653 -0.307043 -0.939413
-3.106371 -0.307043 -0.939413
-3.453653 -0.307043 -0.592131
-3.106371 -0.307043 -0.592131
-2.585448 -0.480684 -0.765772
-3.453653 0.040239 -1.633977
-3.453653 0.040239 -1.286695
-3.453653 0.387521 -1.633977
-3.106371 0.387521 -1.633977
-3.453653 0.387521 -1.286695
-3.106371 0.387521 -1.286695
-2.411807 0.040239 -1.633977
-2.411807 0.040239 -1.286695
-2.411807 0.387521 -1.286695
-3.280012 0.213880 -0.765772
-2.585448 0.213880 -0.765772
-1.890884 -0.480684 -1.460336
-1.369961 -0.654325 -1.633977
-1.369961 -0.654325 -1.286695
-1.369961 -0.307043 -1.633977
-1.369961 -0.307043 -1.286695
-1.022679 -0.307043 -1.286695
-1.890884 -0.480684 -0.765772
-1.196320 -0.480684 -0.765772
-1.890884 0.213880 -1.460336
-1.369961 0.040239 -1.633977
-1.369961 0.040239 -1.286695
-1.022679 0.040239 -1.286695
-1.369961 0.387521 -1.286695
-1.022679 0.387521 -1.286695
-1.890884 0.213880 -0.765772
-1.196320 0.213880 -0.765772
-3.453653 -0.654325 -0.244850
-3.106371 -0.654325 -0.244850
-3.453653 -0.654325 0.102432
-3.453653 -0.307043 -0.244850
-3.106371 -0.307043 -0.244850
-3.453653 -0.307043 0.102432
-2.759089 -0.654325 -0.244850
-2.411807 -0.654325 -0.244850
-2.411807 -0.654325 0.102432
-2.759089 -0.307043 -0.244850
-2.411807 -0.307043 -0.244850
-2.411807 -0.307043 0.102432
-3.280012 -0.480684 0.623355
-2.585448 -0.480684 0.623355
-3.453653 0.040239 -0.244850
-3.453653 0.040239 0.102432
-3.453653 0.387521 -0.244850
-3.453653 0.387521 0.102432
-2.759089 0.040239 -0.244850
-2.411807 0.040239 -0.244850
-2.759089 0.040239 0.102432
-2.411807 0.040239 0.102432
-2.759089 0.387521 -0.244850
-2.411807 0.387521 -0.244850
-2.759089 0.387521 0.102432
-2.411807 0.387521 0.102432
-3.280012 0.213880 0.623355
-2.585448 0.213880 0.623355
-1.543602 -0.133402 0.276073
-3.800935 -2.043453 1.144278
-3.800935 -1.001607 1.144278
-3.453653 -2.043453 1.144278
-3.106371 -2.043453 1.144278
-3.453653 -2.043453 1.491560
-3.106371 -2.043453 1.491560
-3.106371 -1.696171 1.144278
-2.759089 -2.043453 1.144278
-2.759089 -1.696171 1.144278
-2.411807 -1.696171 1.144278
-3.106371 -2.043453 1.838842
-3.106371 -2.043453 2.186124
-2.759089 -2.043453 2.186124
-2.411807 -2.043453 2.186124
-2.411807 -1.696171 2.186124
-3.106371 -1.348889 1.144278
-3.106371 -1.001607 1.144278
-3.106371 -1.001607 1.491560
-2.759089 -1.348889 1.144278
-2.411807 -1.348889 1.144278
-2.411807 -1.348889 1.491560
-2.759089 -1.001607 1.144278
-2.411807 -1.001607 1.144278
-2.759089 -1.001607 1.491560
-2.411807 -1.001607 1.491560
-3.453653 -1.001607 1.838842
-2.411807 -1.348889 2.186124
-2.411807 -1.001607 1.838842
-2.411807 -1.001607 2.186124
-1.717243 -2.043453 1.144278
-2.064525 -2.043453 1.491560
-1.717243 -2.043453 1.491560
-2.064525 -1.696171 1.144278
-1.717243 -1.696171 1.144278
-2.064525 -1.696171 1.491560
-1.717243 -1.696171 1.491560
-1.196320 -1.869812 1.317919
-1.890884 -1.869812 2.012483
-1.196320 -1.869812 2.012483
-1.890884 -1.175248 1.317919
-1.196320 -1.175248 1.317919
-1.890884 -1.175248 2.012483
-1.369961 -1.348889 1.838842
-1.022679 -1.348889 1.838842
-1.369961 -1.348889 2.186124
-1.022679 -1.348889 2.186124
-1.369961 -1.001607 1.838842
-1.022679 -1.001607 1.838842
-1.369961 -1.001607 2.186124
-1.022679 -1.001607 2.186124
-2.759089 -2.043453 2.533406
-2.411807 -2.043453 2.533406
-2.411807 -1.696171 2.533406
-2.411807 -1.348889 2.533406
-2.411807 -1.001607 2.533406
-1.890884 -1.869812 2.707047
-1.196320 -1.869812 2.707047
-1.717243 -1.696171 3.227970
-1.369961 -2.043453 3.227970
-1.022679 -2.043453 3.227970
-1.369961 -1.696171 3.227970
-1.022679 -1.696171 3.227970
-1.890884 -1.175248 2.707047
-1.196320 -1.175248 2.707047
-2.064525 -1.001607 3.227970
-1.717243 -1.001607 3.227970
-1.022679 -1.348889 3.227970
-3.280012 -0.480684 1.317919
-2.585448 -0.480684 1.317919
-3.453653 -0.654325 1.838842
-3.106371 -0.307043 2.186124
-2.411807 -0.654325 1.838842
-2.759089 -0.654325 2.186124
-2.411807 -0.654325 2.186124
-2.411807 -0.307043 1.838842
-2.411807 -0.307043 2.186124
-3.453653 0.040239 1.144278
-3.106371 0.040239 1.144278
-3.453653 0.040239 1.491560
-3.106371 0.040239 1.491560
-3.453653 0.387521 1.144278
-3.106371 0.387521 1.144278
-3.453653 0.387521 1.491560
-3.106371 0.387521 1.491560
-2.585448 0.213880 1.317919
-3.453653 0.040239 1.838842
-3.453653 0.387521 1.838842
-2.411807 0.040239 1.838842
-2.759089 0.040239 2.186124
-2.411807 0.040239 2.186124
-2.759089 0.387521 1.838842
-2.411807 0.387521 1.838842
-2.759089 0.387521 2.186124
-2.411807 0.387521 2.186124
-1.890884 -0.480684 1.317919
-1.196320 -0.480684 1.317919
-1.890884 -0.480684 2.012483
-1.369961 -0.654325 1.838842
-1.369961 -0.654325 2.186124
-1.369961 -0.307043 1.838842
-1.369961 -0.307043 2.186124
-1.890884 0.213880 1.317919
-1.196320 0.213880 1.317919
-1.890884 0.213880 2.012483
-1.369961 0.040239 1.838842
-1.369961 0.040239 2.186124
-1.369961 0.387521 1.838842
-1.369961 0.387521 2.186124
-2.411807 -0.654325 2.533406
-2.411807 -0.654325 2.880688
-2.759089 -0.307043 2.533406
-2.411807 -0.307043 2.533406
-2.759089 -0.307043 2.880688
-2.411807 -0.307043 2.880688
-2.411807 -0.307043 3.227970
-3.106371 0.387521 2.533406
-2.759089 0.040239 2.533406
-2.411807 0.040239 2.533406
-2.759089 0.387521 2.533406
-2.411807 0.387521 2.533406
-2.411807 0.040239 3.575252
-2.411807 0.387521 3.575252
-2.064525 -0.654325 2.533406
-1.717243 -0.654325 2.533406
-2.064525 -0.654325 2.880688
-1.717243 -0.654325 2.880688
-2.064525 -0.307043 2.533406
-1.717243 -0.307043 2.533406
-1.369961 -0.654325 2.533406
-1.022679 -0.654325 2.533406
-1.022679 -0.654325 2.880688
-1.369961 -0.307043 2.533406
-1.022679 -0.307043 2.533406
-1.022679 -0.307043 2.880688
-2.064525 -0.654325 3.227970
-2.064525 -0.307043 3.575252
-1.717243 -0.307043 3.575252
-1.369961 -0.307043 3.575252
-1.022679 -0.307043 3.575252
-2.064525 0.040239 2.533406
-1.717243 0.040239 2.533406
-2.064525 0.387521 2.533406
-1.717243 0.387521 2.533406
-2.064525 0.387521 2.880688
-1.717243 0.387521 2.880688
-1.369961 0.040239 2.533406
-1.369961 0.040239 2.880688
-1.022679 0.040239 2.880688
-1.369961 0.387521 2.533406
-1.369961 0.387521 2.880688
-2.064525 0.040239 3.575252
-1.717243 0.040239 3.575252
-2.064525 0.387521 3.227970
-1.717243 0.387521 3.227970
-2.064525 0.387521 3.575252
-1.717243 0.387521 3.575252
-1.369961 0.040239 3.227970
-1.022679 0.040239 3.227970
-1.369961 0.040239 3.575252
-1.022679 0.040239 3.575252
-1.369961 0.387521 3.227970
-1.022679 0.387521 3.227970
-1.369961 0.387521 3.575252
-1.022679 0.387521 3.575252
-0.328115 -5.863555 -5.454079
-0.675397 -6.210837 -4.759515
-0.328115 -6.210837 -4.759515
-0.328115 -5.863555 -5.106797
-0.675397 -5.863555 -4.759515
-0.328115 -5.863555 -4.759515
0.019167 -5.863555 -5.106797
0.366449 -5.863555 -5.106797
0.019167 -5.863555 -4.759515
0.366449 -5.863555 -4.759515
-0.328115 -5.516273 -5.454079
-0.675397 -5.168991 -5.454079
-0.328115 -5.168991 -5.454079
-0.501756 -5.342632 -4.933156
0.192808 -5.342632 -4.933156
0.713731 -5.863555 -4.759515
0.713731 -5.516273 -5.106797
0.713731 -5.516273 -4.759515
1.061013 -5.516273 -4.759515
0.713731 -5.168991 -5.106797
1.061013 -5.168991 -5.106797
0.713731 -5.168991 -4.759515
1.061013 -5.168991 -4.759515
1.408295 -5.168991 -4.759515
-0.328115 -7.252683 -3.717669
-0.328115 -6.905401 -4.064951
-0.675397 -6.558119 -4.412233
-0.328115 -6.558119 -4.412233
0.019167 -6.558119 -4.412233
-0.328115 -6.905401 -3.717669
-0.675397 -6.558119 -3.717669
-0.675397 -6.558119 -3.370387
-0.328115 -6.558119 -3.370387
0.019167 -6.905401 -3.717669
0.366449 -6.905401 -3.717669
0.019167 -6.558119 -3.717669
0.366449 -6.558119 -3.717669
0.713731 -6.558119 -3.717669
-0.675397 -6.558119 -3.023105
-0.675397 -6.558119 -2.675823
-0.675397 -6.210837 -4.412233
-0.328115 -6.210837 -4.412233
-0.675397 -6.210837 -4.064951
-0.675397 -5.863555 -4.412233
-0.328115 -5.863555 -4.412233
-0.675397 -5.863555 -4.064951
-0.328115 -5.863555 -4.064951
0.019167 -6.210837 -4.412233
0.366449 -6.210837 -4.412233
0.019167 -5.863555 -4.412233
0.366449 -5.863555 -4.412233
0.019167 -5.863555 -4.064951
-0.675397 -6.210837 -3.717669
-0.675397 -6.210837 -3.370387
-0.328115 -6.210837 -3.370387
-0.675397 -5.863555 -3.717669
-0.328115 -5.863555 -3.717669
-0.675397 -5.863555 -3.370387
-0.328115 -5.863555 -3.370387
0.366449 -6.210837 -3.370387
0.019167 -5.863555 -3.717669
0.019167 -5.863555 -3.370387
0.366449 -5.863555 -3.370387
-0.501756 -5.342632 -4.238592
0.192808 -5.342632 -4.238592
-0.675397 -5.516273 -3.717669
-0.328115 -5.516273 -3.717669
-0.675397 -5.516273 -3.370387
-0.328115 -5.516273 -3.370387
-0.675397 -5.168991 -3.717669
-0.328115 -5.168991 -3.717669
-0.675397 -5.168991 -3.370387
-0.328115 -5.168991 -3.370387
0.192808 -5.342632 -3.544028
0.713731 -5.863555 -4.412233
0.713731 -6.210837 -3.717669
0.713731 -5.863555 -3.370387
0.713731 -5.516273 -4.412233
1.061013 -5.516273 -4.412233
0.713731 -5.516273 -4.064951
0.713731 -5.168991 -4.412233
1.061013 -5.168991 -4.412233
0.713731 -5.168991 -4.064951
1.061013 -5.168991 -4.064951
0.713731 -5.516273 -3.370387
0.713731 -5.168991 -3.717669
0.713731 -5.168991 -3.370387
1.061013 -5.168991 -3.370387
-0.675397 -6.210837 -3.023105
-0.675397 -6.210837 -2.675823
0.366449 -6.210837 -3.023105
0.019167 -5.863555 -3.023105
0.366449 -5.863555 -3.023105
0.019167 -5.863555 -2.675823
0.366449 -5.863555 -2.675823
-0.675397 -6.210837 -2.328541
-0.675397 -6.210837 -1.981259
0.019167 -5.863555 -2.328541
0.019167 -5.863555 -1.981259
-0.328115 -5.516273 -2.675823
0.019167 -5.516273 -3.023105
0.366449 -5.516273 -3.023105
0.019167 -5.516273 -2.675823
0.366449 -5.516273 -2.675823
0.366449 -5.168991 -3.023105
0.019167 -5.168991 -2.675823
0.366449 -5.168991 -2.675823
-0.675397 -5.516273 -2.328541
-0.328115 -5.168991 -2.328541
0.019167 -5.516273 -2.328541
0.366449 -5.516273 -2.328541
0.019167 -5.516273 -1.981259
0.366449 -5.516273 -1.981259
0.019167 -5.168991 -2.328541
0.366449 -5.168991 -2.328541
0.019167 -5.168991 -1.981259
0.366449 -5.168991 -1.981259
0.713731 -5.863555 -3.023105
0.887372 -5.342632 -2.849464
1.408295 -5.168991 -3.023105
1.408295 -5.168991 -2.675823
1.755577 -5.168991 -2.675823
0.713731 -5.516273 -2.328541
1.061013 -5.516273 -2.328541
0.713731 -5.168991 -2.328541
1.061013 -5.168991 -2.328541
0.713731 -5.168991 -1.981259
1.061013 -5.168991 -1.981259
-0.675397 -6.210837 -1.633977
-0.328115 -6.210837 -1.633977
-0.675397 -5.863555 -1.633977
-0.328115 -5.863555 -1.633977
0.366449 -5.863555 -1.286695
-0.675397 -6.210837 -0.592131
-0.675397 -5.863555 -0.592131
-0.328115 -5.516273 -1.633977
-0.328115 -5.168991 -1.633977
-0.328115 -5.168991 -1.286695
0.019167 -5.516273 -1.633977
0.366449 -5.516273 -1.633977
0.366449 -5.516273 -1.286695
0.019167 -5.168991 -1.633977
0.366449 -5.168991 -1.633977
0.366449 -5.168991 -1.286695
-0.675397 -5.516273 -0.592131
-0.328115 -5.516273 -0.592131
-0.675397 -5.168991 -0.939413
-0.675397 -5.168991 -0.592131
-0.328115 -5.168991 -0.592131
0.366449 -5.516273 -0.939413
0.713731 -5.516273 -1.286695
0.713731 -5.168991 -1.633977
0.713731 -5.168991 -1.286695
1.061013 -5.168991 -1.286695
0.713731 -5.516273 -0.939413
0.713731 -5.168991 -0.939413
1.061013 -5.168991 -0.939413
0.713731 -5.168991 -0.592131
-0.675397 -5.516273 -0.244850
-0.328115 -5.516273 -0.244850
-0.328115 -5.516273 0.102432
-0.675397 -5.168991 -0.244850
0.019167 -5.516273 -0.244850
0.366449 -5.516273 -0.244850
0.019167 -5.516273 0.102432
0.019167 -5.168991 -0.244850
0.366449 -5.168991 -0.244850
0.019167 -5.168991 0.102432
0.366449 -5.168991 0.102432
-0.328115 -5.516273 0.449714
-0.328115 -5.516273 0.796996
-0.675397 -5.168991 0.796996
-0.328115 -5.168991 0.796996
0.019167 -5.516273 0.796996
0.019167 -5.168991 0.449714
0.366449 -5.168991 0.449714
0.019167 -5.168991 0.796996
0.713731 -5.516273 -0.244850
0.713731 -5.516273 0.102432
0.713731 -5.168991 -0.244850
1.061013 -5.168991 -0.244850
0.713731 -5.168991 0.102432
-0.675397 -5.168991 1.144278
-0.328115 -5.168991 1.144278
-0.675397 -5.168991 1.491560
-0.328115 -5.168991 1.491560
0.019167 -5.168991 1.144278
-0.675397 -4.821709 -5.454079
-0.328115 -4.821709 -5.454079
-0.675397 -4.474427 -5.454079
-0.328115 -4.474427 -5.454079
0.019167 -4.474427 -5.454079
0.366449 -4.474427 -5.454079
-0.501756 -4.648068 -4.933156
0.192808 -4.648068 -4.933156
-0.675397 -4.127145 -5.454079
-0.328115 -4.127145 -5.454079
-0.675397 -3.779863 -5.801361
-0.328115 -3.779863 -5.801361
-0.675397 -3.779863 -5.454079
-0.328115 -3.779863 -5.454079
0.019167 -4.127145 -5.454079
0.366449 -4.127145 -5.454079
0.019167 -3.779863 -5.454079
0.366449 -3.779863 -5.454079
-0.501756 -3.953504 -4.933156
0.192808 -3.953504 -4.933156
0.713731 -4.821709 -5.106797
1.061013 -4.821709 -5.106797
0.713731 -4.821709 -4.759515
1.061013 -4.821709 -4.759515
0.713731 -4.474427 -5.106797
1.061013 -4.474427 -5.106797
0.713731 -4.474427 -4.759515
1.061013 -4.474427 -4.759515
1.408295 -4.821709 -4.759515
0.713731 -3.779863 -5.454079
0.887372 -3.953504 -4.933156
1.408295 -4.127145 -5.106797
1.755577 -4.127145 -4.759515
1.408295 -3.779863 -5.106797
-0.675397 -2.390735 -6.148643
-0.328115 -2.390735 -6.148643
-0.501756 -3.258940 -5.627720
0.019167 -3.432581 -5.801361
0.019167 -3.432581 -5.454079
0.366449 -3.432581 -5.454079
0.019167 -3.085299 -5.801361
0.366449 -3.085299 -5.801361
0.019167 -3.085299 -5.454079
0.366449 -3.085299 -5.454079
-0.501756 -3.258940 -4.933156
0.192808 -3.258940 -4.933156
-0.501756 -2.564376 -5.627720
0.192808 -2.564376 -5.627720
-0.501756 -2.564376 -4.933156
0.192808 -2.564376 -4.933156
0.713731 -3.432581 -5.454079
1.061013 -3.432581 -5.454079
0.713731 -3.085299 -5.801361
1.061013 -3.085299 -5.801361
0.713731 -3.085299 -5.454079
1.061013 -3.085299 -5.454079
1.408295 -3.432581 -5.454079
1.755577 -3.432581 -5.454079
1.408295 -3.085299 -5.454079
1.755577 -3.085299 -5.454079
0.887372 -3.258940 -4.933156
1.408295 -3.432581 -5.106797
1.755577 -3.432581 -5.106797
1.408295 -3.085299 -5.106797
1.755577 -3.085299 -5.106797
0.887372 -2.564376 -5.627720
1.408295 -2.738017 -5.454079
1.755577 -2.738017 -5.454079
1.408295 -2.390735 -5.801361
1.408295 -2.390735 -5.454079
1.755577 -2.390735 -5.454079
0.887372 -2.564376 -4.933156
1.408295 -2.390735 -4.759515
2.102859 -4.127145 -4.759515
2.102859 -3.779863 -4.759515
2.450141 -3.779863 -4.759515
2.797423 -3.779863 -4.759515
2.102859 -3.432581 -5.106797
2.102859 -3.432581 -4.759515
2.102859 -3.085299 -5.106797
2.102859 -3.085299 -4.759515
2.450141 -3.085299 -4.759515
2.102859 -2.738017 -5.454079
2.102859 -2.390735 -5.454079
2.450141 -2.390735 -5.454079
2.102859 -2.738017 -5.106797
2.450141 -2.738017 -5.106797
2.102859 -2.738017 -4.759515
2.450141 -2.738017 -4.759515
2.102859 -2.390735 -5.106797
2.450141 -2.390735 -5.106797
2.102859 -2.390735 -4.759515
2.797423 -2.738017 -4.759515
3.144705 -2.390735 -4.759515
-0.501756 -4.648068 -4.238592
0.192808 -4.648068 -4.238592
-0.501756 -4.648068 -3.544028
0.192808 -4.648068 -3.544028
-0.501756 -3.953504 -4.238592
0.192808 -3.953504 -4.238592
-0.501756 -3.953504 -3.544028
0.192808 -3.953504 -3.544028
0.713731 -4.821709 -4.412233
1.061013 -4.821709 -4.412233
0.713731 -4.821709 -4.064951
1.061013 -4.821709 -4.064951
0.713731 -4.474427 -4.412233
1.061013 -4.474427 -4.412233
0.713731 -4.474427 -4.064951
1.408295 -4.821709 -4.064951
1.755577 -4.821709 -4.064951
1.408295 -4.474427 -4.064951
1.755577 -4.474427 -4.064951
0.713731 -4.821709 -3.717669
0.713731 -4.821709 -3.370387
1.061013 -4.821709 -3.370387
0.713731 -4.474427 -3.717669
0.713731 -4.474427 -3.370387
1.061013 -4.474427 -3.370387
1.755577 -4.474427 -3.717669
1.408295 -4.474427 -3.370387
0.713731 -4.127145 -4.412233
1.061013 -4.127145 -4.412233
0.713731 -4.127145 -4.064951
0.713731 -3.779863 -4.412233
1.061013 -3.779863 -4.412233
0.713731 -3.779863 -4.064951
1.755577 -4.127145 -4.412233
1.408295 -4.127145 -4.064951
1.755577 -4.127145 -4.064951
1.755577 -3.779863 -4.412233
1.408295 -3.779863 -4.064951
1.755577 -3.779863 -4.064951
0.713731 -4.127145 -3.717669
0.713731 -4.127145 -3.370387
1.061013 -4.127145 -3.370387
0.713731 -3.779863 -3.717669
0.713731 -3.779863 -3.370387
1.061013 -3.779863 -3.370387
1.408295 -4.127145 -3.370387
1.408295 -3.779863 -3.370387
-0.675397 -4.821709 -3.023105
-0.675397 -4.821709 -2.675823
-0.675397 -4.474427 -3.023105
-0.328115 -4.474427 -3.023105
-0.675397 -4.474427 -2.675823
-0.328115 -4.474427 -2.675823
0.366449 -4.821709 -3.023105
0.019167 -4.474427 -3.023105
0.366449 -4.474427 -3.023105
-0.675397 -4.821709 -2.328541
-0.328115 -4.821709 -2.328541
-0.675397 -4.474427 -2.328541
-0.328115 -4.474427 -2.328541
-0.675397 -4.474427 -1.981259
-0.328115 -4.474427 -1.981259
0.019167 -4.821709 -2.328541
0.366449 -4.821709 -2.328541
0.019167 -4.474427 -2.328541
0.366449 -4.474427 -2.328541
0.019167 -4.474427 -1.981259
0.366449 -4.474427 -1.981259
-0.675397 -4.127145 -3.023105
-0.328115 -4.127145 -3.023105
-0.328115 -4.127145 -2.675823
-0.675397 -3.779863 -3.023105
-0.328115 -3.779863 -3.023105
0.019167 -4.127145 -3.023105
0.366449 -4.127145 -3.023105
0.019167 -4.127145 -2.675823
0.019167 -3.779863 -3.023105
0.366449 -3.779863 -3.023105
0.019167 -3.779863 -2.675823
0.366449 -3.779863 -2.675823
-0.675397 -4.127145 -1.981259
-0.328115 -4.127145 -1.981259
-0.675397 -3.779863 -1.981259
-0.328115 -3.779863 -1.981259
0.019167 -4.127145 -2.328541
0.019167 -4.127145 -1.981259
0.366449 -4.127145 -1.981259
0.713731 -4.821709 -3.023105
1.061013 -4.821709 -3.023105
0.713731 -4.821709 -2.675823
1.061013 -4.821709 -2.675823
0.713731 -4.474427 -3.023105
1.061013 -4.474427 -3.023105
1.061013 -4.474427 -2.675823
1.408295 -4.821709 -3.023105
1.755577 -4.821709 -3.023105
1.408295 -4.821709 -2.675823
1.408295 -4.474427 -3.023105
1.755577 -4.474427 -3.023105
1.408295 -4.474427 -2.675823
0.713731 -4.821709 -2.328541
1.061013 -4.821709 -2.328541
1.061013 -4.821709 -1.981259
0.713731 -4.474427 -2.328541
1.061013 -4.474427 -2.328541
1.408295 -4.474427 -2.328541
1.408295 -4.474427 -1.981259
1.755577 -4.474427 -1.981259
0.713731 -4.127145 -3.023105
1.061013 -4.127145 -3.023105
1.061013 -4.127145 -2.675823
0.713731 -3.779863 -3.023105
1.061013 -3.779863 -3.023105
1.581936 -3.953504 -2.849464
1.061013 -4.127145 -2.328541
0.713731 -4.127145 -1.981259
1.061013 -4.127145 -1.981259
1.408295 -4.127145 -2.328541
1.755577 -4.127145 -2.328541
1.408295 -4.127145 -1.981259
1.755577 -4.127145 -1.981259
1.408295 -3.779863 -2.328541
1.755577 -3.779863 -2.328541
1.408295 -3.779863 -1.981259
1.755577 -3.779863 -1.981259
-0.501756 -3.258940 -4.238592
0.192808 -3.258940 -4.238592
-0.501756 -3.258940 -3.544028
0.192808 -3.258940 -3.544028
-0.501756 -2.564376 -4.238592
0.019167 -2.738017 -4.412233
0.366449 -2.738017 -4.412233
0.019167 -2.738017 -4.064951
0.366449 -2.738017 -4.064951
0.019167 -2.390735 -4.412233
0.366449 -2.390735 -4.412233
0.019167 -2.390735 -4.064951
0.366449 -2.390735 -4.064951
-0.501756 -2.564376 -3.544028
0.192808 -2.564376 -3.544028
0.713731 -3.432581 -4.412233
1.061013 -3.432581 -4.412233
0.713731 -3.085299 -4.412233
1.061013 -3.085299 -4.412233
1.408295 -3.432581 -4.412233
1.755577 -3.432581 -4.412233
1.755577 -3.432581 -4.064951
1.408295 -3.085299 -4.412233
1.755577 -3.085299 -4.412233
1.755577 -3.085299 -4.064951
0.713731 -3.432581 -3.717669
0.713731 -3.432581 -3.370387
1.061013 -3.432581 -3.370387
0.713731 -3.085299 -3.717669
0.713731 -3.085299 -3.370387
1.061013 -3.085299 -3.370387
1.408295 -3.432581 -3.370387
1.755577 -3.432581 -3.370387
1.755577 -3.085299 -3.717669
1.408295 -3.085299 -3.370387
1.755577 -3.085299 -3.370387
1.061013 -2.738017 -4.412233
1.061013 -2.390735 -4.412233
1.408295 -2.738017 -4.412233
1.755577 -2.738017 -4.412233
1.408295 -2.738017 -4.064951
1.755577 -2.738017 -4.064951
1.408295 -2.390735 -4.412233
1.755577 -2.390735 -4.412233
1.408295 -2.390735 -4.064951
1.755577 -2.390735 -4.064951
0.713731 -2.738017 -3.717669
0.713731 -2.738017 -3.370387
1.061013 -2.738017 -3.370387
0.713731 -2.390735 -3.717669
0.713731 -2.390735 -3.370387
1.061013 -2.390735 -3.370387
1.408295 -2.738017 -3.717669
1.755577 -2.738017 -3.717669
1.408295 -2.738017 -3.370387
1.755577 -2.738017 -3.370387
1.408295 -2.390735 -3.717669
1.755577 -2.390735 -3.717669
1.408295 -2.390735 -3.370387
1.755577 -2.390735 -3.370387
-0.501756 -3.258940 -2.849464
0.192808 -3.258940 -2.849464
-0.501756 -3.258940 -2.154900
0.019167 -3.432581 -2.328541
0.019167 -3.432581 -1.981259
0.019167 -3.085299 -2.328541
0.366449 -3.085299 -2.328541
0.019167 -3.085299 -1.981259
0.366449 -3.085299 -1.981259
-0.501756 -2.564376 -2.849464
0.192808 -2.564376 -2.849464
-0.501756 -2.564376 -2.154900
0.192808 -2.564376 -2.154900
0.713731 -3.432581 -3.023105
1.061013 -3.432581 -3.023105
0.713731 -3.432581 -2.675823
0.713731 -3.085299 -3.023105
1.061013 -3.085299 -3.023105
0.713731 -3.085299 -2.675823
1.061013 -3.085299 -2.675823
1.408295 -3.432581 -3.023105
1.755577 -3.432581 -3.023105
1.755577 -3.432581 -2.675823
1.408295 -3.085299 -3.023105
1.755577 -3.085299 -3.023105
1.408295 -3.085299 -2.675823
1.755577 -3.085299 -2.675823
1.755577 -3.432581 -2.328541
0.713731 -2.738017 -3.023105
1.061013 -2.738017 -3.023105
0.713731 -2.738017 -2.675823
0.713731 -2.390735 -3.023105
1.061013 -2.390735 -3.023105
0.713731 -2.390735 -2.675823
1.408295 -2.738017 -3.023105
1.755577 -2.738017 -3.023105
1.755577 -2.738017 -2.675823
1.755577 -2.390735 -2.675823
0.713731 -2.738017 -2.328541
0.713731 -2.738017 -1.981259
1.061013 -2.738017 -1.981259
0.713731 -2.390735 -2.328541
1.061013 -2.390735 -2.328541
0.713731 -2.390735 -1.981259
1.061013 -2.390735 -1.981259
1.408295 -2.738017 -1.981259
1.408295 -2.390735 -2.328541
1.755577 -2.390735 -2.328541
1.408295 -2.390735 -1.981259
2.102859 -4.474427 -4.064951
2.102859 -4.127145 -4.412233
2.450141 -4.127145 -4.412233
2.102859 -4.127145 -4.064951
2.450141 -4.127145 -4.064951
2.102859 -3.779863 -4.412233
2.450141 -3.779863 -4.412233
2.102859 -3.779863 -4.064951
2.450141 -3.779863 -4.064951
2.797423 -3.779863 -4.412233
2.797423 -3.779863 -4.064951
2.102859 -3.779863 -3.717669
3.144705 -3.779863 -3.717669
2.102859 -4.821709 -2.675823
2.450141 -4.474427 -2.675823
2.102859 -4.821709 -2.328541
2.102859 -4.821709 -1.981259
2.102859 -4.474427 -2.328541
2.450141 -4.474427 -2.328541
2.102859 -4.474427 -1.981259
2.102859 -4.127145 -2.675823
2.450141 -4.127145 -2.675823
2.102859 -3.779863 -3.023105
2.450141 -3.779863 -3.023105
2.102859 -3.779863 -2.675823
2.450141 -3.779863 -2.675823
2.797423 -3.779863 -3.023105
2.797423 -3.779863 -2.675823
2.276500 -3.953504 -2.154900
2.797423 -3.779863 -2.328541
2.797423 -3.779863 -1.981259
2.102859 -3.432581 -4.412233
2.450141 -3.432581 -4.412233
2.102859 -3.432581 -4.064951
2.102859 -3.085299 -4.412233
2.450141 -3.085299 -4.412233
2.102859 -3.085299 -4.064951
2.450141 -3.085299 -4.064951
2.797423 -3.432581 -4.412233
3.144705 -3.432581 -4.412233
3.144705 -3.432581 -4.064951
2.102859 -3.432581 -3.717669
2.102859 -3.432581 -3.370387
2.450141 -3.432581 -3.370387
2.102859 -3.085299 -3.717669
2.450141 -3.085299 -3.717669
2.102859 -3.085299 -3.370387
2.450141 -3.085299 -3.370387
3.144705 -3.432581 -3.717669
2.797423 -3.432581 -3.370387
2.797423 -3.085299 -3.717669
3.144705 -3.085299 -3.717669
2.797423 -3.085299 -3.370387
2.102859 -2.738017 -4.412233
2.450141 -2.738017 -4.412233
2.102859 -2.738017 -4.064951
2.450141 -2.738017 -4.064951
2.102859 -2.390735 -4.412233
2.102859 -2.390735 -4.064951
2.450141 -2.390735 -4.064951
2.797423 -2.738017 -4.064951
3.144705 -2.738017 -4.064951
3.144705 -2.390735 -4.412233
2.797423 -2.390735 -4.064951
3.144705 -2.390735 -4.064951
2.276500 -2.564376 -3.544028
2.971064 -2.564376 -3.544028
3.491987 -3.085299 -3.717669
3.491987 -2.738017 -4.064951
3.491987 -2.390735 -4.064951
3.491987 -2.738017 -3.717669
3.491987 -2.390735 -3.717669
3.491987 -2.390735 -3.370387
2.276500 -3.258940 -2.849464
2.797423 -3.432581 -3.023105
3.144705 -3.432581 -3.023105
2.797423 -3.432581 -2.675823
3.144705 -3.432581 -2.675823
2.797423 -3.085299 -3.023105
3.144705 -3.085299 -3.023105
2.797423 -3.085299 -2.675823
3.144705 -3.085299 -2.675823
2.102859 -3.432581 -2.328541
2.450141 -3.432581 -2.328541
2.102859 -3.085299 -2.328541
2.450141 -3.085299 -2.328541
2.797423 -3.432581 -2.328541
3.144705 -3.432581 -2.328541
2.276500 -2.564376 -2.849464
2.797423 -2.738017 -3.023105
3.144705 -2.738017 -3.023105
2.797423 -2.738017 -2.675823
2.797423 -2.390735 -3.023105
3.144705 -2.390735 -3.023105
2.797423 -2.390735 -2.675823
2.450141 -2.738017 -2.328541
2.450141 -2.738017 -1.981259
2.797423 -2.390735 -2.328541
3.144705 -2.390735 -2.328541
2.797423 -2.390735 -1.981259
3.144705 -2.390735 -1.981259
3.491987 -3.085299 -2.675823
3.491987 -2.738017 -2.328541
3.491987 -2.390735 -2.328541
3.491987 -2.390735 -1.981259
-0.675397 -2.043453 -6.148643
-0.328115 -2.043453 -6.148643
-0.675397 -1.696171 -6.148643
-0.328115 -1.696171 -6.148643
0.019167 -1.696171 -6.148643
0.366449 -1.696171 -6.148643
-0.675397 -1.348889 -6.148643
-0.328115 -1.348889 -6.148643
-0.675397 -1.001607 -6.148643
-0.328115 -1.001607 -6.148643
0.019167 -1.348889 -6.148643
0.366449 -1.348889 -6.148643
0.019167 -1.001607 -6.148643
0.366449 -1.001607 -6.148643
-0.501756 -1.869812 -5.627720
0.192808 -1.869812 -5.627720
-0.501756 -1.869812 -4.933156
0.192808 -1.869812 -4.933156
-0.501756 -1.175248 -5.627720
0.019167 -1.348889 -5.801361
0.366449 -1.348889 -5.801361
0.019167 -1.348889 -5.454079
0.019167 -1.001607 -5.801361
0.366449 -1.001607 -5.801361
-0.501756 -1.175248 -4.933156
0.019167 -1.348889 -5.106797
0.366449 -1.348889 -5.106797
0.019167 -1.348889 -4.759515
0.019167 -1.001607 -5.106797
0.366449 -1.001607 -5.106797
0.019167 -1.001607 -4.759515
0.713731 -2.043453 -5.801361
1.061013 -2.043453 -5.801361
0.713731 -2.043453 -5.454079
1.061013 -2.043453 -5.454079
0.713731 -1.696171 -5.801361
0.713731 -1.696171 -5.454079
1.061013 -1.696171 -5.454079
1.408295 -2.043453 -5.801361
1.408295 -2.043453 -5.454079
1.755577 -2.043453 -5.454079
1.408295 -1.696171 -5.454079
1.755577 -1.696171 -5.454079
0.887372 -1.869812 -4.933156
1.408295 -2.043453 -4.759515
1.755577 -2.043453 -4.759515
1.408295 -1.696171 -5.106797
1.408295 -1.696171 -4.759515
1.061013 -1.001607 -5.801361
1.061013 -1.001607 -5.454079
1.755577 -1.348889 -5.801361
1.408295 -1.348889 -5.454079
1.408295 -1.001607 -5.801361
1.755577 -1.001607 -5.801361
1.408295 -1.001607 -5.454079
0.713731 -1.348889 -5.106797
1.061013 -1.348889 -5.106797
0.713731 -1.348889 -4.759515
1.061013 -1.348889 -4.759515
0.713731 -1.001607 -5.106797
1.061013 -1.001607 -4.759515
-0.675397 -0.654325 -6.148643
-0.328115 -0.654325 -6.148643
-0.675397 -0.307043 -6.148643
-0.328115 -0.307043 -6.148643
0.019167 -0.654325 -6.148643
0.366449 -0.654325 -6.148643
0.019167 -0.307043 -6.148643
0.366449 -0.307043 -6.148643
-0.675397 0.040239 -6.148643
-0.328115 0.040239 -6.148643
-0.675397 0.387521 -6.148643
-0.328115 0.387521 -6.148643
0.019167 0.040239 -6.148643
0.366449 0.040239 -6.148643
0.713731 -0.307043 -6.148643
-0.675397 -0.654325 -5.801361
-0.328115 -0.654325 -5.801361
-0.675397 -0.307043 -5.801361
-0.328115 -0.307043 -5.801361
0.019167 -0.654325 -5.801361
0.366449 -0.654325 -5.801361
0.019167 -0.307043 -5.801361
0.366449 -0.307043 -5.801361
0.019167 -0.307043 -5.454079
0.366449 -0.307043 -5.454079
-0.675397 -0.654325 -4.759515
-0.328115 -0.654325 -4.759515
-0.675397 -0.307043 -4.759515
0.366449 -0.654325 -5.106797
0.019167 -0.307043 -5.106797
0.366449 -0.307043 -5.106797
-0.328115 0.040239 -5.801361
-0.328115 0.040239 -5.454079
-0.328115 0.387521 -5.454079
0.019167 0.040239 -5.801361
0.366449 0.040239 -5.801361
0.019167 0.040239 -5.454079
0.019167 0.387521 -5.801361
0.366449 0.387521 -5.801361
-0.328115 0.040239 -5.106797
-0.675397 0.040239 -4.759515
-0.675397 0.387521 -5.106797
-0.328115 0.387521 -5.106797
0.019167 0.040239 -5.106797
0.713731 -0.654325 -5.801361
1.061013 -0.654325 -5.801361
0.713731 -0.654325 -5.454079
1.061013 -0.654325 -5.454079
0.713731 -0.307043 -5.801361
1.061013 -0.307043 -5.801361
1.061013 -0.307043 -5.454079
1.408295 -0.654325 -5.801361
1.755577 -0.654325 -5.801361
1.408295 -0.654325 -5.454079
1.408295 -0.307043 -5.801361
1.755577 -0.307043 -5.801361
1.408295 -0.307043 -5.454079
0.713731 -0.307043 -4.759515
1.061013 -0.307043 -4.759515
1.755577 -0.654325 -5.106797
1.408295 -0.654325 -4.759515
1.755577 -0.654325 -4.759515
1.408295 -0.307043 -5.106797
1.755577 -0.307043 -5.106797
1.408295 -0.307043 -4.759515
1.755577 -0.307043 -4.759515
0.713731 0.040239 -5.801361
1.061013 0.040239 -5.801361
1.061013 0.040239 -5.454079
0.713731 0.387521 -5.801361
1.061013 0.387521 -5.801361
0.713731 0.387521 -5.454079
1.061013 0.387521 -5.454079
1.408295 0.040239 -5.801361
1.408295 0.040239 -5.454079
1.408295 0.387521 -5.801361
1.408295 0.387521 -5.454079
1.061013 0.040239 -5.106797
0.713731 0.040239 -4.759515
1.061013 0.040239 -4.759515
0.713731 0.387521 -5.106797
1.061013 0.387521 -5.106797
0.713731 0.387521 -4.759515
1.061013 0.387521 -4.759515
1.581936 0.213880 -4.933156
2.102859 -2.043453 -5.454079
2.450141 -2.043453 -5.454079
2.102859 -1.696171 -5.454079
2.450141 -1.696171 -5.454079
2.102859 -2.043453 -5.106797
2.450141 -2.043453 -5.106797
2.102859 -1.696171 -5.106797
2.450141 -1.696171 -5.106797
2.797423 -2.043453 -5.106797
2.797423 -2.043453 -4.759515
3.144705 -2.043453 -4.759515
2.797423 -1.696171 -5.106797
3.144705 -1.696171 -5.106797
2.797423 -1.696171 -4.759515
3.144705 -1.696171 -4.759515
2.102859 -1.348889 -5.454079
2.450141 -1.348889 -5.454079
2.102859 -1.001607 -5.454079
2.450141 -1.001607 -5.454079
2.797423 -1.348889 -5.454079
2.797423 -1.001607 -5.454079
2.102859 -1.348889 -5.106797
2.450141 -1.348889 -5.106797
2.450141 -1.348889 -4.759515
2.102859 -1.001607 -5.106797
2.450141 -1.001607 -5.106797
2.102859 -1.001607 -4.759515
2.797423 -1.348889 -5.106797
3.144705 -1.348889 -5.106797
2.797423 -1.348889 -4.759515
3.144705 -1.348889 -4.759515
2.797423 -1.001607 -5.106797
3.144705 -1.001607 -5.106797
2.797423 -1.001607 -4.759515
3.491987 -2.043453 -4.759515
2.102859 -0.654325 -5.454079
2.450141 -0.654325 -5.454079
2.102859 -0.307043 -5.454079
2.450141 -0.307043 -5.454079
2.797423 -0.654325 -5.454079
2.102859 -0.654325 -5.106797
2.450141 -0.654325 -5.106797
2.102859 -0.654325 -4.759515
2.102859 -0.307043 -5.106797
2.450141 -0.307043 -5.106797
2.102859 -0.307043 -4.759515
2.450141 -0.307043 -4.759515
3.144705 -0.654325 -5.106797
2.102859 0.040239 -5.454079
2.450141 0.040239 -5.454079
2.102859 0.387521 -5.454079
2.450141 0.387521 -5.454079
2.797423 0.387521 -5.454079
2.102859 0.040239 -5.106797
2.450141 0.040239 -5.106797
2.102859 0.040239 -4.759515
2.450141 0.040239 -4.759515
2.102859 0.387521 -5.106797
2.450141 0.387521 -5.106797
2.102859 0.387521 -4.759515
2.450141 0.387521 -4.759515
2.797423 0.040239 -5.106797
3.144705 0.040239 -5.106797
3.144705 0.040239 -4.759515
2.797423 0.387521 -5.106797
3.144705 0.387521 -5.106797
2.797423 0.387521 -4.759515
3.144705 0.387521 -4.759515
-0.501756 -1.869812 -4.238592
0.019167 -2.043453 -4.412233
0.019167 -2.043453 -4.064951
0.366449 -2.043453 -4.064951
0.019167 -1.696171 -4.412233
0.019167 -1.696171 -4.064951
0.366449 -1.696171 -4.064951
-0.501756 -1.869812 -3.544028
0.192808 -1.869812 -3.544028
-0.501756 -1.175248 -4.238592
0.019167 -1.348889 -4.412233
0.019167 -1.348889 -4.064951
0.019167 -1.001607 -4.064951
0.366449 -1.001607 -4.064951
-0.501756 -1.175248 -3.544028
0.192808 -1.175248 -3.544028
1.061013 -2.043453 -4.412233
1.061013 -1.696171 -4.412233
1.061013 -1.696171 -4.064951
1.581936 -1.869812 -4.238592
0.887372 -1.869812 -3.544028
1.408295 -2.043453 -3.717669
1.408295 -1.696171 -3.717669
1.408295 -1.696171 -3.370387
1.061013 -1.348889 -4.412233
0.713731 -1.348889 -4.064951
1.061013 -1.348889 -4.064951
1.061013 -1.001607 -4.412233
0.713731 -1.001607 -4.064951
1.061013 -1.001607 -4.064951
1.408295 -1.348889 -4.412233
1.755577 -1.348889 -4.412233
1.408295 -1.348889 -4.064951
1.755577 -1.348889 -4.064951
1.408295 -1.001607 -4.412233
1.755577 -1.001607 -4.412233
1.408295 -1.001607 -4.064951
1.755577 -1.001607 -4.064951
0.887372 -1.175248 -3.544028
1.581936 -1.175248 -3.544028
-0.154474 -1.522530 -2.502182
0.887372 -1.869812 -2.849464
1.408295 -2.043453 -2.675823
1.755577 -2.043453 -2.675823
1.408295 -1.696171 -3.023105
1.755577 -1.696171 -3.023105
1.408295 -1.696171 -2.675823
1.755577 -1.696171 -2.675823
0.887372 -1.869812 -2.154900
1.581936 -1.869812 -2.154900
0.887372 -1.175248 -2.849464
1.581936 -1.175248 -2.849464
0.887372 -1.175248 -2.154900
1.581936 -1.175248 -2.154900
-0.675397 -0.654325 -4.412233
-0.328115 -0.654325 -4.412233
-0.675397 -0.654325 -4.064951
-0.328115 -0.654325 -4.064951
-0.675397 -0.307043 -4.412233
-0.328115 -0.307043 -4.412233
-0.675397 -0.307043 -4.064951
-0.328115 -0.307043 -4.064951
0.019167 -0.654325 -4.064951
0.366449 -0.654325 -4.064951
0.366449 -0.307043 -4.412233
0.019167 -0.307043 -4.064951
0.366449 -0.307043 -4.064951
-0.501756 -0.480684 -3.544028
0.192808 -0.480684 -3.544028
-0.675397 0.040239 -4.412233
-0.675397 0.040239 -4.064951
-0.328115 0.040239 -4.064951
-0.675397 0.387521 -4.412233
-0.328115 0.387521 -4.412233
-0.675397 0.387521 -4.064951
-0.328115 0.387521 -4.064951
0.192808 0.213880 -4.238592
-0.501756 0.213880 -3.544028
0.192808 0.213880 -3.544028
0.887372 -0.480684 -4.238592
1.581936 -0.480684 -4.238592
0.887372 -0.480684 -3.544028
1.581936 -0.480684 -3.544028
0.887372 0.213880 -4.238592
1.408295 0.040239 -4.412233
1.755577 0.040239 -4.412233
1.408295 0.040239 -4.064951
1.755577 0.040239 -4.064951
1.408295 0.387521 -4.412233
1.755577 0.387521 -4.412233
1.408295 0.387521 -4.064951
0.887372 0.213880 -3.544028
1.581936 0.213880 -3.544028
-0.154474 -0.133402 -2.502182
1.234654 -0.133402 -2.502182
2.102859 -2.043453 -4.064951
2.450141 -2.043453 -4.064951
2.450141 -1.696171 -4.412233
2.450141 -1.696171 -4.064951
2.971064 -1.869812 -4.238592
2.102859 -2.043453 -3.717669
2.450141 -2.043453 -3.717669
2.102859 -2.043453 -3.370387
2.450141 -2.043453 -3.370387
2.450141 -1.696171 -3.717669
2.450141 -1.696171 -3.370387
2.971064 -1.869812 -3.544028
2.797423 -1.348889 -4.412233
3.144705 -1.348889 -4.412233
2.797423 -1.348889 -4.064951
3.144705 -1.348889 -4.064951
2.797423 -1.001607 -4.412233
3.144705 -1.001607 -4.412233
2.797423 -1.001607 -4.064951
3.144705 -1.001607 -4.064951
2.450141 -1.348889 -3.717669
2.102859 -1.348889 -3.370387
2.450141 -1.348889 -3.370387
2.102859 -1.001607 -3.717669
2.450141 -1.001607 -3.717669
2.102859 -1.001607 -3.370387
2.450141 -1.001607 -3.370387
2.971064 -1.175248 -3.544028
3.491987 -2.043453 -4.412233
3.491987 -2.043453 -4.064951
3.491987 -1.696171 -4.412233
3.491987 -1.696171 -4.064951
3.839269 -1.696171 -4.064951
3.491987 -2.043453 -3.717669
3.839269 -2.043453 -3.717669
3.491987 -1.696171 -3.717669
3.491987 -1.696171 -3.370387
3.491987 -1.348889 -4.412233
3.491987 -1.348889 -4.064951
3.839269 -1.348889 -4.064951
3.491987 -1.001607 -4.412233
3.491987 -1.001607 -4.064951
3.491987 -1.348889 -3.717669
3.839269 -1.348889 -3.717669
3.491987 -1.348889 -3.370387
3.839269 -1.348889 -3.370387
3.491987 -1.001607 -3.717669
3.839269 -1.001607 -3.717669
3.491987 -1.001607 -3.370387
3.839269 -1.001607 -3.370387
2.276500 -1.869812 -2.849464
2.971064 -1.869812 -2.849464
2.102859 -2.043453 -2.328541
2.102859 -1.696171 -2.328541
2.450141 -1.696171 -2.328541
2.102859 -1.696171 -1.981259
2.797423 -2.043453 -2.328541
3.144705 -2.043453 -2.328541
2.797423 -1.696171 -2.328541
3.144705 -1.696171 -2.328541
2.276500 -1.175248 -2.849464
2.971064 -1.175248 -2.849464
2.276500 -1.175248 -2.154900
2.797423 -1.348889 -2.328541
3.144705 -1.348889 -2.328541
2.797423 -1.001607 -2.328541
2.797423 -1.001607 -1.981259
3.491987 -2.043453 -2.675823
3.839269 -2.043453 -2.675823
3.491987 -1.696171 -3.023105
3.839269 -1.696171 -3.023105
3.491987 -1.696171 -2.675823
3.839269 -1.696171 -2.675823
3.491987 -2.043453 -2.328541
3.491987 -2.043453 -1.981259
3.491987 -1.348889 -3.023105
3.839269 -1.348889 -3.023105
3.491987 -1.348889 -2.675823
3.839269 -1.348889 -2.675823
3.491987 -1.001607 -3.023105
3.839269 -1.001607 -3.023105
3.491987 -1.001607 -2.675823
3.491987 -1.348889 -2.328541
2.102859 -0.654325 -4.412233
2.102859 -0.654325 -4.064951
2.450141 -0.654325 -4.064951
2.102859 -0.307043 -4.412233
2.450141 -0.307043 -4.412233
2.102859 -0.307043 -4.064951
2.450141 -0.307043 -4.064951
2.797423 -0.654325 -4.412233
2.797423 -0.654325 -4.064951
3.144705 -0.654325 -4.064951
2.797423 -0.307043 -4.064951
3.144705 -0.307043 -4.064951
2.276500 -0.480684 -3.544028
2.971064 -0.480684 -3.544028
2.102859 0.040239 -4.412233
2.102859 0.040239 -4.064951
2.450141 0.040239 -4.064951
2.102859 0.387521 -4.412233
2.450141 0.387521 -4.064951
3.144705 0.040239 -4.412233
2.797423 0.040239 -4.064951
3.144705 0.040239 -4.064951
2.797423 0.387521 -4.064951
2.797423 0.040239 -3.717669
3.144705 0.040239 -3.717669
3.144705 0.040239 -3.370387
2.797423 0.387521 -3.717669
3.144705 0.387521 -3.717669
2.797423 0.387521 -3.370387
3.144705 0.387521 -3.370387
3.491987 -0.654325 -4.064951
3.491987 -0.307043 -4.064951
3.491987 -0.654325 -3.717669
3.839269 -0.654325 -3.717669
3.491987 -0.654325 -3.370387
3.839269 -0.654325 -3.370387
3.491987 -0.307043 -3.717669
3.491987 -0.307043 -3.370387
3.839269 -0.307043 -3.370387
3.491987 0.040239 -3.717669
3.491987 0.040239 -3.370387
2.102859 -0.654325 -3.023105
2.450141 -0.654325 -3.023105
2.102859 -0.654325 -2.675823
2.450141 -0.654325 -2.675823
2.102859 -0.307043 -3.023105
2.102859 -0.307043 -2.675823
2.450141 -0.307043 -2.675823
2.797423 -0.654325 -3.023105
3.144705 -0.654325 -3.023105
3.144705 -0.307043 -3.023105
2.276500 -0.480684 -2.154900
2.797423 -0.654325 -2.328541
2.797423 -0.654325 -1.981259
2.797423 -0.307043 -2.328541
3.144705 -0.307043 -2.328541
2.797423 -0.307043 -1.981259
3.144705 -0.307043 -1.981259
2.102859 0.040239 -3.023105
2.102859 0.040239 -2.675823
2.450141 0.040239 -2.675823
2.102859 0.387521 -3.023105
2.450141 0.387521 -3.023105
2.102859 0.387521 -2.675823
2.450141 0.387521 -2.675823
3.144705 0.040239 -3.023105
2.797423 0.040239 -2.675823
3.144705 0.040239 -2.675823
2.797423 0.387521 -3.023105
2.797423 0.387521 -2.675823
2.276500 0.213880 -2.154900
2.971064 0.213880 -2.154900
3.491987 -0.654325 -3.023105
3.839269 -0.654325 -3.023105
3.491987 -0.654325 -2.675823
3.839269 -0.654325 -2.675823
3.491987 -0.307043 -3.023105
3.491987 -0.307043 -2.675823
3.839269 -0.307043 -2.675823
3.839269 -0.654325 -1.981259
3.491987 -0.307043 -2.328541
3.491987 -0.307043 -1.981259
3.491987 0.040239 -2.675823
3.491987 0.040239 -2.328541
3.491987 0.040239 -1.981259
3.491987 0.387521 -2.328541
-0.328115 -4.821709 -1.286695
-0.675397 -4.474427 -1.633977
-0.328115 -4.474427 -1.633977
-0.675397 -4.474427 -1.286695
-0.328115 -4.474427 -1.286695
0.019167 -4.821709 -1.286695
0.019167 -4.474427 -1.633977
0.019167 -4.474427 -1.286695
-0.675397 -4.821709 -0.939413
-0.328115 -4.821709 -0.939413
-0.675397 -4.821709 -0.592131
-0.675397 -4.474427 -0.939413
-0.328115 -4.474427 -0.939413
-0.675397 -4.474427 -0.592131
-0.675397 -4.127145 -1.633977
-0.675397 -4.127145 -1.286695
-0.328115 -4.127145 -1.286695
-0.675397 -4.127145 -0.939413
-0.675397 -4.127145 -0.592131
-0.328115 -4.127145 -0.592131
-0.675397 -3.779863 -0.592131
-0.328115 -3.779863 -0.592131
0.019167 -3.779863 -0.592131
0.366449 -3.779863 -0.592131
1.408295 -4.821709 -1.633977
1.061013 -4.821709 -0.939413
1.061013 -4.821709 -0.592131
1.408295 -4.474427 -0.939413
1.408295 -4.474427 -0.592131
0.713731 -4.127145 -1.633977
1.061013 -4.127145 -1.286695
1.061013 -3.779863 -1.633977
1.061013 -3.779863 -1.286695
1.408295 -3.779863 -1.633977
1.755577 -3.779863 -1.633977
1.408295 -3.779863 -1.286695
1.755577 -3.779863 -1.286695
0.713731 -3.779863 -0.939413
0.713731 -3.779863 -0.592131
1.408295 -4.127145 -0.939413
1.755577 -4.127145 -0.939413
1.755577 -4.127145 -0.592131
1.755577 -3.779863 -0.939413
-0.675397 -4.821709 -0.244850
-0.675397 -4.821709 0.102432
-0.675397 -4.474427 -0.244850
-0.675397 -4.474427 0.102432
-0.328115 -4.474427 0.102432
0.366449 -4.821709 -0.244850
0.019167 -4.821709 0.102432
0.366449 -4.821709 0.102432
0.366449 -4.474427 -0.244850
0.019167 -4.474427 0.102432
0.366449 -4.474427 0.102432
-0.675397 -4.821709 0.449714
-0.328115 -4.821709 0.449714
-0.328115 -4.821709 0.796996
-0.675397 -4.474427 0.449714
-0.328115 -4.474427 0.449714
0.192808 -4.648068 0.623355
-0.501756 -3.953504 -0.071209
0.192808 -3.953504 -0.071209
-0.501756 -3.953504 0.623355
0.192808 -3.953504 0.623355
0.887372 -4.648068 -0.071209
1.408295 -4.474427 -0.244850
1.408295 -4.474427 0.102432
1.755577 -4.474427 0.102432
0.713731 -4.821709 0.449714
0.713731 -4.474427 0.449714
0.713731 -4.474427 0.796996
1.755577 -4.474427 0.449714
0.713731 -4.127145 -0.244850
1.061013 -4.127145 -0.244850
0.713731 -4.127145 0.102432
1.061013 -4.127145 0.102432
0.713731 -3.779863 -0.244850
1.061013 -3.779863 -0.244850
0.713731 -3.779863 0.102432
1.061013 -3.779863 0.102432
1.408295 -4.127145 -0.244850
1.755577 -4.127145 -0.244850
1.408295 -4.127145 0.102432
1.755577 -4.127145 0.102432
1.755577 -3.779863 -0.244850
1.408295 -3.779863 0.102432
0.713731 -4.127145 0.449714
1.061013 -4.127145 0.449714
0.713731 -4.127145 0.796996
0.713731 -3.779863 0.449714
1.061013 -3.779863 0.449714
0.713731 -3.779863 0.796996
1.061013 -3.779863 0.796996
-0.675397 -3.085299 -1.633977
-0.328115 -3.085299 -1.633977
-0.675397 -3.085299 -1.286695
0.019167 -3.085299 -1.633977
-0.675397 -3.432581 -0.939413
-0.675397 -3.432581 -0.592131
-0.328115 -3.432581 -0.592131
-0.675397 -3.085299 -0.939413
-0.675397 -3.085299 -0.592131
-0.328115 -3.085299 -0.592131
0.366449 -3.432581 -0.939413
0.019167 -3.432581 -0.592131
0.366449 -3.432581 -0.592131
0.019167 -3.085299 -0.939413
0.366449 -3.085299 -0.939413
0.019167 -3.085299 -0.592131
0.366449 -3.085299 -0.592131
-0.675397 -2.738017 -1.633977
-0.328115 -2.738017 -1.633977
-0.675397 -2.390735 -1.633977
-0.328115 -2.390735 -1.633977
0.019167 -2.738017 -1.633977
0.366449 -2.738017 -1.633977
0.019167 -2.738017 -1.286695
0.366449 -2.738017 -1.286695
0.019167 -2.390735 -1.633977
0.366449 -2.390735 -1.633977
0.019167 -2.390735 -1.286695
0.366449 -2.390735 -1.286695
-0.675397 -2.738017 -0.939413
-0.675397 -2.738017 -0.592131
-0.328115 -2.738017 -0.592131
-0.675397 -2.390735 -0.939413
-0.328115 -2.390735 -0.939413
-0.675397 -2.390735 -0.592131
-0.328115 -2.390735 -0.592131
0.192808 -2.564376 -0.765772
1.061013 -3.432581 -1.633977
1.061013 -3.432581 -1.286695
1.408295 -3.432581 -1.633977
1.408295 -3.432581 -1.286695
1.755577 -3.432581 -1.286695
1.408295 -3.085299 -1.633977
1.755577 -3.085299 -1.633977
1.408295 -3.085299 -1.286695
1.755577 -3.085299 -1.286695
0.887372 -3.258940 -0.765772
1.408295 -3.432581 -0.939413
1.755577 -3.432581 -0.939413
1.408295 -3.085299 -0.939413
1.755577 -3.085299 -0.939413
1.408295 -3.085299 -0.592131
0.713731 -2.390735 -1.633977
1.061013 -2.390735 -1.633977
0.713731 -2.390735 -1.286695
1.061013 -2.390735 -1.286695
1.755577 -2.738017 -1.286695
1.408295 -2.390735 -1.286695
1.755577 -2.390735 -1.286695
0.887372 -2.564376 -0.765772
1.581936 -2.564376 -0.765772
-0.154474 -2.911658 0.276073
0.887372 -3.258940 -0.071209
1.408295 -3.432581 -0.244850
1.408295 -3.432581 0.102432
1.755577 -3.432581 0.102432
1.408295 -3.085299 -0.244850
1.408295 -3.085299 0.102432
1.755577 -3.085299 0.102432
0.887372 -3.258940 0.623355
1.408295 -3.432581 0.449714
1.408295 -3.432581 0.796996
1.408295 -3.085299 0.449714
1.408295 -3.085299 0.796996
0.887372 -2.564376 -0.071209
1.581936 -2.564376 -0.071209
0.887372 -2.564376 0.623355
1.581936 -2.564376 0.623355
2.102859 -3.779863 -1.633977
2.797423 -3.779863 -1.633977
2.102859 -3.779863 -0.592131
2.102859 -3.779863 -0.244850
2.102859 -3.779863 0.102432
2.102859 -3.432581 -1.633977
2.102859 -3.432581 -1.286695
2.450141 -3.432581 -1.286695
2.102859 -3.085299 -1.286695
2.450141 -3.085299 -1.286695
2.797423 -3.432581 -1.286695
2.797423 -3.085299 -1.286695
2.102859 -3.432581 -0.939413
2.102859 -3.432581 -0.592131
2.102859 -3.085299 -0.939413
2.450141 -3.085299 -0.592131
2.102859 -2.738017 -1.633977
2.450141 -2.738017 -1.633977
2.102859 -2.738017 -1.286695
2.450141 -2.738017 -1.286695
2.102859 -2.390735 -1.286695
2.450141 -2.390735 -1.286695
2.797423 -2.738017 -1.286695
3.144705 -2.738017 -1.286695
2.797423 -2.390735 -1.633977
3.144705 -2.390735 -1.633977
2.797423 -2.390735 -1.286695
3.144705 -2.390735 -1.286695
2.102859 -2.738017 -0.939413
2.450141 -2.738017 -0.939413
2.102859 -2.390735 -0.939413
2.450141 -2.390735 -0.939413
2.102859 -2.390735 -0.592131
2.797423 -2.390735 -0.939413
2.102859 -3.432581 -0.244850
2.450141 -3.432581 -0.244850
2.450141 -3.085299 -0.244850
2.102859 -2.738017 0.102432
2.102859 -2.390735 -0.244850
2.102859 -2.390735 0.102432
2.102859 -2.390735 0.796996
-0.675397 -4.821709 1.144278
-0.675397 -4.821709 1.491560
-0.328115 -4.821709 1.491560
0.019167 -4.821709 1.144278
0.019167 -4.821709 1.491560
0.366449 -4.474427 1.144278
-0.675397 -4.821709 1.838842
-0.675397 -4.474427 1.838842
-0.328115 -4.474427 1.838842
0.019167 -4.821709 2.186124
0.366449 -4.821709 2.186124
0.019167 -4.474427 2.186124
-0.675397 -3.779863 1.144278
-0.328115 -3.779863 1.144278
-0.675397 -3.779863 1.491560
-0.328115 -3.779863 1.491560
0.019167 -4.127145 1.144278
0.366449 -4.127145 1.144278
0.366449 -4.127145 1.491560
0.019167 -3.779863 1.144278
0.366449 -3.779863 1.144278
0.019167 -3.779863 1.491560
0.366449 -3.779863 1.491560
-0.675397 -4.127145 1.838842
-0.675397 -4.127145 2.186124
-0.328115 -4.127145 2.186124
-0.675397 -3.779863 1.838842
-0.328115 -3.779863 1.838842
-0.675397 -3.779863 2.186124
-0.328115 -3.779863 2.186124
0.019167 -4.127145 2.186124
0.019167 -3.779863 1.838842
0.366449 -3.779863 1.838842
0.019167 -3.779863 2.186124
0.713731 -4.127145 1.144278
0.713731 -3.779863 1.144278
1.061013 -3.779863 1.144278
0.713731 -3.779863 1.491560
1.061013 -3.779863 1.838842
1.061013 -3.779863 2.186124
1.408295 -3.779863 1.838842
-0.501756 -3.258940 1.317919
0.192808 -3.258940 1.317919
-0.675397 -3.432581 1.838842
-0.328115 -3.432581 1.838842
-0.675397 -3.432581 2.186124
-0.328115 -3.085299 1.838842
0.019167 -3.432581 1.838842
0.366449 -3.432581 1.838842
0.366449 -3.432581 2.186124
0.019167 -3.085299 1.838842
0.366449 -3.085299 1.838842
0.019167 -3.085299 2.186124
0.366449 -3.085299 2.186124
-0.675397 -2.738017 1.144278
-0.328115 -2.738017 1.144278
-0.675397 -2.738017 1.491560
-0.328115 -2.738017 1.491560
-0.675397 -2.390735 1.144278
-0.328115 -2.390735 1.144278
-0.675397 -2.390735 1.491560
-0.328115 -2.390735 1.491560
0.192808 -2.564376 1.317919
0.019167 -2.738017 1.838842
0.366449 -2.738017 1.838842
0.019167 -2.738017 2.186124
0.366449 -2.738017 2.186124
0.366449 -2.390735 1.838842
0.019167 -2.390735 2.186124
0.366449 -2.390735 2.186124
0.887372 -3.258940 1.317919
1.408295 -3.085299 1.144278
1.408295 -3.085299 1.491560
0.713731 -3.432581 1.838842
1.061013 -3.432581 1.838842
0.713731 -3.085299 1.838842
1.061013 -3.085299 1.838842
0.713731 -3.085299 2.186124
1.408295 -3.432581 1.838842
1.408295 -3.085299 1.838842
1.755577 -3.085299 1.838842
0.887372 -2.564376 1.317919
1.408295 -2.738017 1.144278
1.755577 -2.738017 1.144278
1.408295 -2.738017 1.491560
1.755577 -2.738017 1.491560
1.408295 -2.390735 1.144278
1.755577 -2.390735 1.144278
1.408295 -2.390735 1.491560
1.755577 -2.390735 1.491560
0.887372 -2.564376 2.012483
1.408295 -2.738017 1.838842
1.755577 -2.738017 1.838842
1.408295 -2.390735 1.838842
1.755577 -2.390735 1.838842
1.408295 -2.390735 2.186124
-0.675397 -3.432581 2.533406
-0.675397 -3.432581 2.880688
-0.328115 -3.432581 2.880688
-0.675397 -3.085299 2.533406
-0.675397 -3.085299 2.880688
0.366449 -3.085299 2.533406
-0.675397 -2.738017 2.533406
-0.675397 -2.738017 2.880688
-0.675397 -2.390735 2.533406
-0.675397 -2.390735 2.880688
0.366449 -2.738017 2.533406
0.019167 -2.390735 2.533406
0.366449 -2.390735 2.533406
0.366449 -2.390735 2.880688
0.713731 -2.738017 2.533406
0.713731 -2.390735 2.533406
0.713731 -2.390735 2.880688
-0.675397 -2.043453 -1.633977
-0.328115 -2.043453 -1.633977
-0.675397 -1.696171 -1.633977
-0.328115 -1.696171 -1.633977
-0.328115 -1.696171 -1.286695
0.192808 -1.869812 -1.460336
-0.675397 -2.043453 -0.939413
-0.328115 -2.043453 -0.939413
-0.675397 -2.043453 -0.592131
-0.328115 -2.043453 -0.592131
-0.675397 -1.696171 -0.939413
-0.328115 -1.696171 -0.939413
-0.675397 -1.696171 -0.592131
-0.328115 -1.696171 -0.592131
0.192808 -1.869812 -0.765772
-0.328115 -1.348889 -1.633977
-0.328115 -1.348889 -1.286695
-0.328115 -1.001607 -1.633977
-0.328115 -1.001607 -1.286695
0.192808 -1.175248 -1.460336
-0.501756 -1.175248 -0.765772
0.192808 -1.175248 -0.765772
0.887372 -1.869812 -1.460336
1.581936 -1.869812 -1.460336
0.887372 -1.869812 -0.765772
1.581936 -1.869812 -0.765772
0.887372 -1.175248 -1.460336
1.581936 -1.175248 -1.460336
0.887372 -1.175248 -0.765772
1.581936 -1.175248 -0.765772
-0.154474 -1.522530 0.276073
0.887372 -1.869812 -0.071209
1.581936 -1.869812 -0.071209
0.887372 -1.869812 0.623355
1.581936 -1.869812 0.623355
0.887372 -1.175248 -0.071209
1.581936 -1.175248 -0.071209
0.887372 -1.175248 0.623355
1.408295 -1.348889 0.449714
1.755577 -1.348889 0.449714
1.408295 -1.348889 0.796996
1.755577 -1.348889 0.796996
1.408295 -1.001607 0.449714
1.755577 -1.001607 0.449714
1.408295 -1.001607 0.796996
1.755577 -1.001607 0.796996
-0.328115 -0.654325 -1.633977
-0.675397 -0.654325 -1.286695
-0.328115 -0.654325 -1.286695
-0.675397 -0.307043 -1.633977
-0.328115 -0.307043 -1.633977
-0.675397 -0.307043 -1.286695
-0.328115 -0.307043 -1.286695
0.192808 -0.480684 -1.460336
-0.501756 -0.480684 -0.765772
0.192808 -0.480684 -0.765772
-0.501756 0.213880 -1.460336
0.192808 0.213880 -1.460336
-0.501756 0.213880 -0.765772
0.192808 0.213880 -0.765772
0.887372 -0.480684 -1.460336
1.581936 -0.480684 -1.460336
0.887372 -0.480684 -0.765772
1.408295 -0.654325 -0.939413
1.755577 -0.654325 -0.939413
1.408295 -0.654325 -0.592131
1.755577 -0.654325 -0.592131
1.408295 -0.307043 -0.939413
1.408295 -0.307043 -0.592131
1.755577 -0.307043 -0.592131
0.887372 0.213880 -1.460336
1.408295 0.040239 -1.633977
1.755577 0.040239 -1.633977
1.408295 0.040239 -1.286695
1.755577 0.040239 -1.286695
1.408295 0.387521 -1.633977
1.755577 0.387521 -1.633977
1.408295 0.387521 -1.286695
1.755577 0.387521 -1.286695
0.887372 0.213880 -0.765772
1.408295 0.040239 -0.939413
1.408295 0.040239 -0.592131
1.408295 0.387521 -0.592131
-0.154474 -0.133402 0.276073
1.234654 -0.133402 0.276073
2.102859 -2.043453 -1.286695
2.450141 -2.043453 -1.286695
2.102859 -1.696171 -1.633977
2.450141 -1.696171 -1.633977
2.102859 -1.696171 -1.286695
2.450141 -1.696171 -1.286695
3.144705 -2.043453 -1.633977
2.797423 -2.043453 -1.286695
3.144705 -2.043453 -1.286695
2.797423 -1.696171 -1.286695
3.144705 -1.696171 -1.286695
2.102859 -2.043453 -0.939413
2.450141 -2.043453 -0.939413
2.102859 -2.043453 -0.592131
2.102859 -1.696171 -0.939413
2.450141 -1.696171 -0.939413
2.102859 -1.696171 -0.592131
2.797423 -2.043453 -0.939413
3.144705 -2.043453 -0.939413
2.797423 -1.696171 -0.939413
3.144705 -1.696171 -0.939413
2.276500 -1.175248 -1.460336
2.797423 -1.348889 -1.286695
3.144705 -1.348889 -1.286695
2.797423 -1.001607 -1.633977
2.797423 -1.001607 -1.286695
2.102859 -1.348889 -0.939413
2.102859 -1.348889 -0.592131
2.797423 -1.348889 -0.939413
3.144705 -1.348889 -0.939413
3.144705 -1.348889 -0.592131
3.491987 -2.043453 -1.633977
3.491987 -1.696171 -1.633977
3.491987 -1.348889 -1.286695
2.102859 -2.043453 -0.244850
2.102859 -2.043453 0.102432
2.102859 -1.696171 -0.244850
2.450141 -1.696171 -0.244850
2.102859 -1.696171 0.102432
2.102859 -2.043453 0.449714
2.102859 -2.043453 0.796996
2.102859 -1.696171 0.449714
2.102859 -1.696171 0.796996
2.102859 -1.348889 -0.244850
2.102859 -1.348889 0.102432
2.102859 -1.001607 -0.244850
2.102859 -1.001607 0.102432
2.102859 -1.348889 0.449714
2.276500 -0.480684 -1.460336
2.971064 -0.480684 -1.460336
2.450141 -0.654325 -0.939413
2.797423 -0.654325 -0.939413
3.144705 -0.654325 -0.939413
2.797423 -0.307043 -0.939413
3.144705 -0.307043 -0.939413
2.276500 0.213880 -1.460336
2.971064 0.213880 -1.460336
2.102859 0.040239 -0.592131
2.102859 0.387521 -0.939413
2.797423 0.040239 -0.939413
3.144705 0.040239 -0.939413
2.797423 0.040239 -0.592131
2.797423 0.387521 -0.939413
3.491987 -0.654325 -1.286695
3.491987 -0.307043 -1.633977
3.491987 -0.307043 -1.286695
3.491987 0.040239 -1.633977
2.102859 -0.654325 -0.244850
2.102859 -0.654325 0.102432
2.450141 -0.654325 0.102432
2.102859 -0.307043 -0.244850
2.102859 -0.307043 0.102432
2.450141 -0.307043 0.102432
2.797423 -0.654325 -0.244850
2.797423 -0.307043 -0.244850
2.102859 -0.654325 0.449714
2.102859 -0.654325 0.796996
2.102859 -0.307043 0.449714
2.102859 -0.307043 0.796996
2.102859 0.040239 -0.244850
2.450141 0.040239 -0.244850
2.102859 0.040239 0.102432
2.450141 0.040239 0.102432
2.102859 0.387521 -0.244850
2.450141 0.387521 -0.244850
2.102859 0.387521 0.102432
2.102859 0.040239 0.449714
2.102859 0.040239 0.796996
2.102859 0.387521 0.796996
-0.501756 -1.869812 1.317919
0.019167 -2.043453 1.144278
0.366449 -2.043453 1.144278
0.366449 -2.043453 1.491560
0.019167 -1.696171 1.144278
0.366449 -1.696171 1.144278
0.019167 -1.696171 1.491560
-0.675397 -2.043453 1.838842
-0.675397 -1.696171 1.838842
-0.328115 -1.696171 1.838842
0.019167 -2.043453 2.186124
0.366449 -2.043453 2.186124
0.019167 -1.696171 2.186124
0.366449 -1.696171 2.186124
-0.501756 -1.175248 1.317919
0.019167 -1.348889 1.144278
0.366449 -1.348889 1.144278
0.019167 -1.348889 1.491560
0.019167 -1.001607 1.144278
0.366449 -1.001607 1.144278
0.019167 -1.001607 1.491560
0.366449 -1.001607 1.491560
-0.675397 -1.348889 1.838842
-0.328115 -1.348889 1.838842
-0.675397 -1.001607 1.838842
-0.328115 -1.001607 1.838842
-0.328115 -1.001607 2.186124
0.019167 -1.348889 1.838842
0.019167 -1.348889 2.186124
0.366449 -1.348889 2.186124
0.019167 -1.001607 1.838842
0.366449 -1.001607 1.838842
0.019167 -1.001607 2.186124
0.366449 -1.001607 2.186124
0.713731 -2.043453 1.144278
1.061013 -2.043453 1.144278
0.713731 -2.043453 1.491560
1.061013 -2.043453 1.491560
0.713731 -1.696171 1.144278
1.061013 -1.696171 1.144278
1.061013 -1.696171 1.491560
1.581936 -1.869812 1.317919
0.713731 -2.043453 1.838842
1.061013 -2.043453 1.838842
0.713731 -2.043453 2.186124
1.061013 -2.043453 2.186124
1.061013 -1.696171 1.838842
0.713731 -1.696171 2.186124
1.061013 -1.696171 2.186124
1.408295 -2.043453 1.838842
1.755577 -2.043453 1.838842
1.408295 -2.043453 2.186124
1.408295 -1.696171 1.838842
1.755577 -1.696171 1.838842
1.408295 -1.696171 2.186124
0.713731 -1.348889 1.144278
1.061013 -1.348889 1.144278
0.713731 -1.001607 1.144278
1.061013 -1.001607 1.144278
1.408295 -1.348889 1.144278
1.408295 -1.348889 1.491560
1.408295 -1.001607 1.144278
0.713731 -1.348889 2.186124
0.713731 -1.001607 1.838842
0.713731 -1.001607 2.186124
1.755577 -1.348889 1.838842
-0.675397 -2.043453 2.880688
-0.675397 -1.696171 2.880688
0.019167 -2.043453 2.533406
0.366449 -2.043453 2.533406
0.366449 -2.043453 2.880688
0.019167 -1.696171 2.533406
0.366449 -1.696171 2.533406
0.019167 -1.696171 2.880688
0.366449 -1.696171 2.880688
-0.675397 -2.043453 3.227970
-0.675397 -1.696171 3.227970
0.192808 -1.175248 2.707047
0.713731 -2.043453 2.533406
0.713731 -1.696171 2.533406
0.713731 -1.348889 2.533406
0.713731 -1.001607 2.533406
-0.501756 -0.480684 1.317919
0.192808 -0.480684 1.317919
-0.328115 -0.654325 1.838842
-0.328115 -0.654325 2.186124
-0.328115 -0.307043 1.838842
-0.328115 -0.307043 2.186124
0.192808 -0.480684 2.012483
-0.501756 0.213880 1.317919
0.192808 0.213880 1.317919
-0.675397 0.040239 1.838842
-0.328115 0.040239 1.838842
-0.328115 0.040239 2.186124
-0.675397 0.387521 1.838842
-0.328115 0.387521 1.838842
-0.675397 0.387521 2.186124
-0.328115 0.387521 2.186124
0.192808 0.213880 2.012483
0.713731 -0.654325 1.144278
1.061013 -0.654325 1.144278
0.713731 -0.654325 1.491560
0.713731 -0.307043 1.144278
1.061013 -0.307043 1.144278
0.713731 -0.307043 1.491560
1.061013 -0.307043 1.491560
1.408295 -0.654325 1.144278
1.755577 -0.654325 1.144278
1.408295 -0.307043 1.144278
1.755577 -0.307043 1.144278
1.408295 -0.307043 1.491560
0.887372 -0.480684 2.012483
1.408295 -0.654325 1.838842
1.755577 -0.654325 1.838842
1.408295 -0.307043 1.838842
1.755577 -0.307043 1.838842
0.887372 0.213880 1.317919
1.408295 0.040239 1.144278
1.755577 0.040239 1.144278
1.408295 0.040239 1.491560
1.755577 0.040239 1.491560
1.408295 0.387521 1.144278
1.755577 0.387521 1.144278
1.408295 0.387521 1.491560
1.755577 0.387521 1.491560
0.887372 0.213880 2.012483
1.408295 0.040239 1.838842
1.755577 0.040239 1.838842
1.408295 0.387521 1.838842
1.755577 0.387521 1.838842
-0.328115 -0.307043 2.533406
-0.328115 -0.307043 2.880688
0.192808 -0.480684 2.707047
-0.675397 -0.307043 3.575252
0.019167 -0.654325 3.227970
0.366449 -0.654325 3.227970
0.019167 -0.307043 3.227970
0.366449 -0.307043 3.227970
-0.328115 0.040239 2.533406
-0.328115 0.040239 2.880688
-0.328115 0.387521 2.533406
-0.328115 0.387521 2.880688
0.192808 0.213880 2.707047
-0.675397 0.040239 3.575252
-0.328115 0.040239 3.575252
-0.328115 0.387521 3.227970
-0.675397 0.387521 3.575252
-0.328115 0.387521 3.575252
0.019167 0.040239 3.227970
0.366449 0.040239 3.227970
0.019167 0.040239 3.575252
0.019167 0.387521 3.227970
0.366449 0.387521 3.227970
0.019167 0.387521 3.575252
0.713731 -0.654325 2.533406
1.061013 -0.654325 2.533406
0.713731 -0.654325 2.880688
0.713731 -0.307043 2.533406
1.061013 -0.307043 2.533406
0.713731 -0.307043 2.880688
0.887372 0.213880 2.707047
1.408295 0.387521 2.533406
0.713731 0.040239 3.227970
0.713731 0.387521 3.227970
1.061013 0.387521 3.227970
0.713731 0.387521 3.575252
2.102859 -2.043453 1.144278
2.102859 -1.696171 1.144278
2.102859 -1.348889 1.144278
2.102859 -0.654325 1.144278
2.102859 -0.307043 1.144278
2.102859 0.387521 1.144278
-2.411807 0.387521 3.922534
-1.369961 -0.307043 3.922534
-2.064525 0.040239 3.922534
-1.717243 0.040239 3.922534
-2.064525 0.387521 3.922534
-1.369961 0.387521 3.922534
-1.022679 0.387521 3.922534
-0.675397 0.040239 3.922534
-0.675397 0.387521 3.922534
-0.328115 0.387521 3.922534
-3.800935 0.734803 -5.106797
-3.800935 0.734803 -4.759515
-3.800935 1.082085 -5.106797
-3.800935 2.123931 -5.106797
-3.106371 1.082085 -5.454079
-2.759089 0.734803 -5.801361
-2.411807 0.734803 -5.801361
-2.759089 0.734803 -5.454079
-2.759089 1.082085 -5.801361
-2.411807 1.082085 -5.801361
-2.759089 1.082085 -5.454079
-2.411807 1.082085 -5.454079
-3.453653 0.734803 -5.106797
-3.106371 0.734803 -5.106797
-3.453653 0.734803 -4.759515
-3.106371 0.734803 -4.759515
-3.453653 1.082085 -5.106797
-3.106371 1.082085 -5.106797
-3.453653 1.082085 -4.759515
-2.759089 0.734803 -5.106797
-2.411807 0.734803 -5.106797
-2.759089 1.082085 -5.106797
-2.411807 1.082085 -5.106797
-2.759089 1.082085 -4.759515
-2.411807 1.082085 -4.759515
-3.453653 1.429367 -5.454079
-3.106371 1.429367 -5.454079
-3.106371 1.776649 -5.454079
-2.411807 1.429367 -5.801361
-2.759089 1.429367 -5.454079
-2.411807 1.429367 -5.454079
-2.759089 1.776649 -5.454079
-2.411807 1.776649 -5.454079
-3.453653 1.429367 -5.106797
-3.106371 1.429367 -5.106797
-3.453653 1.429367 -4.759515
-3.106371 1.429367 -4.759515
-3.453653 1.776649 -5.106797
-3.106371 1.776649 -5.106797
-3.106371 1.776649 -4.759515
-2.759089 1.429367 -5.106797
-2.759089 1.776649 -5.106797
-2.064525 0.734803 -5.801361
-1.717243 0.734803 -5.801361
-1.717243 0.734803 -5.454079
-1.369961 0.734803 -5.801361
-1.369961 0.734803 -5.454079
-1.369961 1.082085 -5.801361
-1.369961 1.082085 -5.454079
-1.022679 1.082085 -5.454079
-2.064525 0.734803 -5.106797
-1.717243 0.734803 -5.106797
-2.064525 1.082085 -5.106797
-1.717243 1.082085 -5.106797
-2.064525 1.082085 -4.759515
-1.369961 0.734803 -5.106797
-1.022679 0.734803 -5.106797
-1.022679 0.734803 -4.759515
-1.369961 1.082085 -5.106797
-1.369961 1.429367 -5.801361
-1.369961 1.429367 -5.454079
-1.022679 1.429367 -5.454079
-1.369961 1.776649 -5.454079
-1.022679 1.776649 -5.454079
-1.717243 1.429367 -5.106797
-2.064525 1.429367 -4.759515
-1.717243 1.429367 -4.759515
-1.717243 1.776649 -5.106797
-2.064525 1.776649 -4.759515
-1.717243 1.776649 -4.759515
-1.369961 1.429367 -5.106797
-1.369961 1.776649 -4.759515
-2.759089 2.123931 -5.454079
-2.411807 2.123931 -5.454079
-2.411807 2.123931 -5.106797
-2.411807 2.123931 -4.759515
-2.411807 2.471213 -5.106797
-2.411807 2.471213 -4.759515
-2.759089 2.818495 -5.106797
-2.411807 2.818495 -5.106797
-2.759089 2.818495 -4.759515
-2.411807 2.818495 -4.759515
-2.759089 3.165777 -4.759515
-2.064525 2.123931 -5.454079
-1.717243 2.123931 -5.454079
-2.064525 2.471213 -5.454079
-1.022679 2.123931 -5.454079
-1.022679 2.471213 -5.454079
-2.064525 2.123931 -5.106797
-1.717243 2.123931 -5.106797
-2.064525 2.123931 -4.759515
-1.717243 2.123931 -4.759515
-2.064525 2.471213 -5.106797
-2.064525 2.471213 -4.759515
-1.717243 2.471213 -4.759515
-1.369961 2.123931 -4.759515
-1.022679 2.123931 -4.759515
-1.022679 2.471213 -5.106797
-1.369961 2.471213 -4.759515
-1.022679 2.471213 -4.759515
-2.064525 2.818495 -5.454079
-1.022679 3.165777 -5.801361
-2.064525 2.818495 -5.106797
-2.064525 2.818495 -4.759515
-1.717243 2.818495 -4.759515
-1.717243 3.165777 -4.759515
-1.369961 2.818495 -5.106797
-1.022679 2.818495 -5.106797
-1.369961 2.818495 -4.759515
-1.022679 2.818495 -4.759515
-1.369961 3.165777 -5.106797
-1.022679 3.165777 -5.106797
-1.369961 3.165777 -4.759515
-1.022679 3.165777 -4.759515
-4.148217 0.734803 -4.412233
-3.800935 0.734803 -4.064951
-3.800935 1.082085 -4.064951
-4.495499 0.734803 -3.370387
-3.800935 0.734803 -3.717669
-3.800935 0.734803 -3.023105
-3.800935 0.734803 -2.675823
-3.800935 1.082085 -3.023105
-4.148217 1.082085 -2.675823
-3.800935 1.082085 -2.675823
-4.495499 0.734803 -1.981259
-4.148217 0.734803 -1.981259
-3.800935 0.734803 -1.981259
-4.148217 1.082085 -1.981259
-3.800935 1.082085 -1.981259
-4.148217 1.429367 -3.023105
-3.800935 1.429367 -3.023105
-4.148217 1.429367 -2.675823
-3.800935 1.429367 -2.675823
-3.800935 1.776649 -3.023105
-4.148217 1.429367 -1.981259
-3.800935 1.776649 -1.981259
-3.800935 2.123931 -2.675823
-3.800935 2.123931 -2.328541
-3.800935 2.123931 -1.981259
-2.759089 0.734803 -4.064951
-2.411807 0.734803 -4.064951
-2.411807 1.082085 -4.412233
-2.759089 1.082085 -4.064951
-2.411807 1.082085 -4.064951
-3.453653 0.734803 -3.717669
-3.106371 0.734803 -3.717669
-3.453653 0.734803 -3.370387
-3.106371 0.734803 -3.370387
-3.453653 1.082085 -3.370387
-3.106371 1.082085 -3.370387
-2.585448 0.908444 -3.544028
-3.106371 1.776649 -4.412233
-3.453653 1.776649 -4.064951
-3.106371 1.776649 -4.064951
-2.411807 1.429367 -4.412233
-2.759089 1.429367 -4.064951
-2.411807 1.429367 -4.064951
-2.759089 1.776649 -4.412233
-2.411807 1.776649 -4.412233
-2.759089 1.776649 -4.064951
-2.411807 1.776649 -4.064951
-2.759089 1.429367 -3.717669
-2.411807 1.429367 -3.717669
-2.411807 1.776649 -3.717669
-2.064525 0.734803 -4.412233
-2.064525 0.734803 -4.064951
-1.717243 0.734803 -4.064951
-2.064525 1.082085 -4.412233
-1.717243 1.082085 -4.412233
-2.064525 1.082085 -4.064951
-1.717243 1.082085 -4.064951
-1.369961 0.734803 -4.412233
-1.022679 0.734803 -4.412233
-1.369961 0.734803 -4.064951
-1.022679 0.734803 -4.064951
-1.022679 1.082085 -4.412233
-1.369961 1.082085 -4.064951
-1.022679 1.082085 -4.064951
-1.890884 0.908444 -3.544028
-1.196320 0.908444 -3.544028
-1.890884 1.603008 -4.238592
-1.369961 1.429367 -4.064951
-1.022679 1.429367 -4.064951
-1.369961 1.776649 -4.064951
-1.022679 1.776649 -4.064951
-2.064525 1.429367 -3.717669
-1.717243 1.429367 -3.717669
-2.064525 1.429367 -3.370387
-1.717243 1.429367 -3.370387
-2.064525 1.776649 -3.717669
-1.717243 1.776649 -3.717669
-1.369961 1.429367 -3.717669
-1.022679 1.429367 -3.717669
-1.369961 1.429367 -3.370387
-1.022679 1.429367 -3.370387
-1.369961 1.776649 -3.717669
-1.022679 1.776649 -3.717669
-1.022679 1.776649 -3.370387
-3.280012 0.908444 -2.849464
-2.585448 0.908444 -2.849464
-3.453653 0.734803 -2.328541
-3.106371 0.734803 -2.328541
-3.453653 0.734803 -1.981259
-3.106371 0.734803 -1.981259
-3.453653 1.082085 -2.328541
-3.106371 1.082085 -2.328541
-3.453653 1.082085 -1.981259
-3.106371 1.082085 -1.981259
-2.759089 0.734803 -2.328541
-2.411807 0.734803 -2.328541
-2.759089 1.082085 -2.328541
-2.411807 1.082085 -2.328541
-2.759089 1.082085 -1.981259
-3.453653 1.429367 -3.023105
-3.106371 1.429367 -3.023105
-3.453653 1.429367 -2.675823
-3.106371 1.429367 -2.675823
-3.106371 1.776649 -2.675823
-2.759089 1.429367 -3.023105
-2.411807 1.429367 -3.023105
-2.759089 1.429367 -2.675823
-2.411807 1.429367 -2.675823
-2.759089 1.776649 -3.023105
-2.759089 1.776649 -2.675823
-2.411807 1.776649 -2.675823
-3.106371 1.429367 -2.328541
-3.106371 1.429367 -1.981259
-3.106371 1.776649 -2.328541
-2.585448 1.603008 -2.154900
-1.890884 0.908444 -2.849464
-1.196320 0.908444 -2.849464
-2.064525 0.734803 -2.328541
-1.717243 0.734803 -2.328541
-2.064525 0.734803 -1.981259
-1.717243 0.734803 -1.981259
-2.064525 1.082085 -2.328541
-1.717243 1.082085 -2.328541
-1.717243 1.082085 -1.981259
-1.369961 0.734803 -2.328541
-1.022679 0.734803 -2.328541
-1.369961 1.082085 -2.328541
-1.022679 1.082085 -2.328541
-1.022679 1.082085 -1.981259
-2.064525 1.429367 -3.023105
-1.717243 1.429367 -3.023105
-2.064525 1.429367 -2.675823
-1.717243 1.429367 -2.675823
-2.064525 1.776649 -2.675823
-1.717243 1.776649 -2.675823
-1.369961 1.429367 -3.023105
-1.022679 1.429367 -3.023105
-1.369961 1.429367 -2.675823
-1.022679 1.429367 -2.675823
-1.369961 1.776649 -2.675823
-1.022679 1.776649 -2.675823
-2.064525 1.429367 -2.328541
-1.717243 1.429367 -2.328541
-1.717243 1.429367 -1.981259
-2.064525 1.776649 -2.328541
-1.717243 1.776649 -2.328541
-1.369961 1.429367 -2.328541
-1.022679 1.429367 -2.328541
-1.022679 1.429367 -1.981259
-1.369961 1.776649 -2.328541
-1.022679 1.776649 -2.328541
-1.022679 1.776649 -1.981259
-3.106371 2.123931 -4.064951
-3.106371 2.471213 -4.064951
-2.759089 2.123931 -4.064951
-2.411807 2.471213 -4.412233
-2.759089 2.471213 -4.064951
-3.453653 2.123931 -3.717669
-3.106371 2.123931 -3.717669
-3.453653 2.123931 -3.370387
-3.106371 2.123931 -3.370387
-3.106371 2.471213 -3.717669
-3.106371 2.471213 -3.370387
-2.759089 2.123931 -3.717669
-2.411807 2.123931 -3.717669
-2.759089 2.471213 -3.717669
-2.411807 2.471213 -3.717669
-2.759089 2.471213 -3.370387
-2.411807 2.818495 -4.412233
-2.759089 2.818495 -4.064951
-2.411807 2.818495 -4.064951
-2.411807 3.165777 -4.412233
-3.106371 2.818495 -3.370387
-2.759089 2.818495 -3.717669
-2.411807 2.818495 -3.717669
-2.759089 2.818495 -3.370387
-2.411807 2.818495 -3.370387
-2.411807 3.165777 -3.717669
-2.759089 3.165777 -3.370387
-2.411807 3.165777 -3.370387
-2.064525 2.123931 -4.412233
-1.717243 2.123931 -4.412233
-1.717243 2.123931 -4.064951
-2.064525 2.471213 -4.412233
-1.717243 2.471213 -4.412233
-2.064525 2.471213 -4.064951
-1.717243 2.471213 -4.064951
-1.369961 2.123931 -4.412233
-1.369961 2.123931 -4.064951
-1.022679 2.123931 -4.064951
-1.369961 2.471213 -4.412233
-1.022679 2.471213 -4.412233
-1.369961 2.471213 -4.064951
-2.064525 2.471213 -3.717669
-1.717243 2.471213 -3.717669
-2.064525 2.471213 -3.370387
-1.717243 2.471213 -3.370387
-1.369961 2.123931 -3.717669
-1.369961 2.471213 -3.717669
-2.064525 2.818495 -4.412233
-1.717243 2.818495 -4.412233
-2.064525 2.818495 -4.064951
-1.717243 2.818495 -4.064951
-2.064525 3.165777 -4.064951
-1.369961 2.818495 -4.412233
-1.369961 2.818495 -4.064951
-1.369961 3.165777 -4.412233
-1.022679 3.165777 -4.412233
-1.022679 3.165777 -4.064951
-2.064525 2.818495 -3.717669
-1.717243 2.818495 -3.717669
-2.064525 2.818495 -3.370387
-1.717243 2.818495 -3.370387
-2.064525 3.165777 -3.717669
-2.064525 3.165777 -3.370387
-1.717243 3.165777 -3.370387
-1.369961 2.818495 -3.717669
-3.453653 2.471213 -3.023105
-3.106371 2.471213 -3.023105
-3.453653 2.471213 -2.675823
-2.411807 2.123931 -2.675823
-2.759089 2.471213 -3.023105
-3.453653 2.471213 -2.328541
-3.453653 2.471213 -1.981259
-2.759089 2.123931 -2.328541
-2.411807 2.123931 -2.328541
-2.759089 2.123931 -1.981259
-2.411807 2.123931 -1.981259
-2.411807 2.471213 -2.328541
-2.411807 2.471213 -1.981259
-3.453653 2.818495 -3.023105
-3.106371 2.818495 -3.023105
-3.106371 2.818495 -2.675823
-3.106371 3.165777 -3.023105
-3.106371 3.165777 -2.675823
-2.759089 2.818495 -3.023105
-2.759089 2.818495 -2.675823
-2.759089 3.165777 -3.023105
-2.411807 3.165777 -3.023105
-2.759089 3.165777 -2.675823
-2.411807 3.165777 -2.675823
-3.106371 3.165777 -2.328541
-2.411807 2.818495 -2.328541
-2.759089 3.165777 -2.328541
-2.411807 3.165777 -2.328541
-2.064525 2.123931 -2.675823
-1.717243 2.123931 -2.675823
-1.717243 2.471213 -3.023105
-2.064525 2.471213 -2.675823
-1.022679 2.471213 -2.675823
-2.064525 2.123931 -2.328541
-2.064525 2.123931 -1.981259
-2.064525 2.471213 -2.328541
-1.022679 2.123931 -2.328541
-1.022679 2.123931 -1.981259
-1.022679 2.471213 -2.328541
-1.022679 2.471213 -1.981259
-2.064525 3.165777 -3.023105
-2.064525 3.165777 -2.675823
-1.022679 2.818495 -2.675823
-2.064525 2.818495 -2.328541
-2.064525 2.818495 -1.981259
-2.064525 3.165777 -1.981259
-2.411807 3.860341 -4.759515
-2.411807 4.207623 -4.759515
-1.369961 3.513059 -5.454079
-1.022679 3.513059 -5.454079
-1.717243 3.513059 -5.106797
-1.717243 3.513059 -4.759515
-2.064525 3.860341 -5.106797
-1.717243 3.860341 -5.106797
-2.064525 3.860341 -4.759515
-1.717243 3.860341 -4.759515
-1.369961 3.513059 -5.106797
-1.022679 3.513059 -5.106797
-1.369961 3.513059 -4.759515
-1.022679 3.513059 -4.759515
-1.369961 3.860341 -5.106797
-1.022679 3.860341 -5.106797
-1.369961 3.860341 -4.759515
-1.022679 3.860341 -4.759515
-2.064525 4.207623 -5.454079
-1.717243 4.207623 -5.454079
-2.064525 3.860341 -4.412233
-1.717243 3.860341 -4.412233
-1.369961 3.513059 -4.412233
-1.022679 3.513059 -4.412233
-1.022679 3.513059 -4.064951
-1.369961 3.860341 -4.412233
-1.022679 3.860341 -4.412233
-1.022679 3.860341 -4.064951
-2.759089 3.513059 -3.023105
-2.411807 3.513059 -3.023105
-2.759089 3.513059 -2.675823
-2.411807 3.513059 -2.675823
-2.411807 3.860341 -2.675823
-2.064525 3.513059 -3.023105
-1.717243 3.513059 -3.023105
-2.064525 3.513059 -2.675823
-1.717243 3.513059 -2.675823
-2.064525 3.513059 -1.981259
-1.717243 3.513059 -1.981259
-1.717243 3.860341 -1.981259
-1.369961 3.513059 -2.328541
-1.369961 3.513059 -1.981259
-1.369961 3.860341 -1.981259
-1.022679 3.860341 -1.981259
-4.495499 0.734803 -1.633977
-4.148217 0.734803 -1.633977
-3.800935 0.734803 -1.633977
-3.800935 0.734803 -1.286695
-4.148217 1.082085 -1.633977
-3.800935 1.082085 -1.633977
-3.800935 1.082085 -1.286695
-3.974576 0.908444 -0.765772
-4.148217 1.429367 -1.633977
-3.800935 1.429367 -1.633977
-4.148217 1.429367 -1.286695
-3.800935 1.429367 -1.286695
-3.800935 1.776649 -1.633977
-3.800935 1.776649 -1.286695
-3.800935 1.429367 -0.939413
-4.148217 1.429367 -0.592131
-3.800935 1.429367 -0.592131
-3.800935 1.776649 -0.939413
-4.148217 1.776649 -0.592131
-3.800935 1.776649 -0.592131
-4.148217 0.734803 -0.244850
-3.800935 0.734803 -0.244850
-3.800935 1.082085 -0.244850
-3.800935 0.734803 0.449714
-4.148217 0.734803 0.796996
-3.800935 0.734803 0.796996
-3.800935 1.082085 0.449714
-4.148217 1.082085 0.796996
-3.800935 1.082085 0.796996
-4.148217 1.429367 -0.244850
-3.800935 1.429367 -0.244850
-4.148217 1.776649 -0.244850
-4.148217 1.429367 0.796996
-3.800935 1.429367 0.796996
-4.148217 1.776649 0.796996
-3.800935 1.776649 0.796996
-3.800935 2.123931 -1.286695
-3.800935 2.123931 -0.939413
-3.800935 2.123931 -0.592131
-3.800935 2.471213 -0.939413
-3.800935 2.818495 -0.939413
-4.148217 2.123931 -0.244850
-4.148217 2.123931 0.102432
-3.800935 2.471213 0.102432
-4.148217 2.123931 0.449714
-3.800935 2.123931 0.796996
-3.800935 2.471213 0.796996
-3.800935 2.818495 0.102432
-3.800935 3.165777 0.102432
-3.800935 2.818495 0.796996
-3.280012 0.908444 -1.460336
-2.759089 0.734803 -1.286695
-2.411807 0.734803 -1.286695
-2.759089 1.082085 -1.286695
-3.280012 0.908444 -0.765772
-2.585448 0.908444 -0.765772
-3.280012 1.603008 -1.460336
-2.759089 1.429367 -1.633977
-2.759089 1.429367 -1.286695
-2.759089 1.776649 -1.633977
-2.411807 1.776649 -1.633977
-2.759089 1.776649 -1.286695
-2.411807 1.776649 -1.286695
-3.280012 1.603008 -0.765772
-2.759089 1.429367 -0.939413
-2.759089 1.429367 -0.592131
-2.411807 1.429367 -0.592131
-2.759089 1.776649 -0.939413
-2.759089 1.776649 -0.592131
-2.064525 0.734803 -1.633977
-1.717243 0.734803 -1.633977
-2.064525 0.734803 -1.286695
-1.717243 0.734803 -1.286695
-1.717243 1.082085 -1.633977
-2.064525 1.082085 -1.286695
-1.717243 1.082085 -1.286695
-1.369961 0.734803 -1.286695
-1.022679 0.734803 -1.286695
-1.022679 1.082085 -1.633977
-1.369961 1.082085 -1.286695
-1.022679 1.082085 -1.286695
-1.890884 0.908444 -0.765772
-1.196320 0.908444 -0.765772
-1.717243 1.429367 -1.633977
-2.064525 1.429367 -1.286695
-1.717243 1.429367 -1.286695
-2.064525 1.776649 -1.286695
-1.717243 1.776649 -1.286695
-1.369961 1.429367 -1.633977
-1.022679 1.429367 -1.633977
-1.369961 1.429367 -1.286695
-1.022679 1.429367 -1.286695
-1.369961 1.776649 -1.633977
-1.022679 1.776649 -1.633977
-1.369961 1.776649 -1.286695
-1.022679 1.776649 -1.286695
-2.064525 1.429367 -0.939413
-1.717243 1.429367 -0.939413
-2.064525 1.429367 -0.592131
-1.717243 1.429367 -0.592131
-1.717243 1.776649 -0.939413
-1.717243 1.776649 -0.592131
-1.196320 1.603008 -0.765772
-3.106371 1.082085 0.102432
-2.585448 0.908444 -0.071209
-3.280012 0.908444 0.623355
-2.585448 0.908444 0.623355
-3.106371 1.429367 -0.244850
-3.453653 1.429367 0.102432
-3.106371 1.429367 0.102432
-3.106371 1.776649 -0.244850
-3.453653 1.776649 0.102432
-3.106371 1.776649 0.102432
-2.759089 1.429367 -0.244850
-2.411807 1.429367 -0.244850
-2.759089 1.429367 0.102432
-2.411807 1.429367 0.102432
-2.759089 1.776649 -0.244850
-2.411807 1.776649 0.102432
-3.453653 1.429367 0.449714
-3.106371 1.429367 0.449714
-3.453653 1.429367 0.796996
-3.106371 1.429367 0.796996
-3.453653 1.776649 0.449714
-3.106371 1.776649 0.449714
-3.453653 1.776649 0.796996
-2.759089 1.429367 0.449714
-2.411807 1.429367 0.449714
-2.759089 1.429367 0.796996
-2.411807 1.429367 0.796996
-2.411807 1.776649 0.449714
-2.411807 1.776649 0.796996
-1.543602 1.255726 0.276073
-3.453653 2.123931 -1.633977
-3.106371 2.123931 -1.633977
-3.453653 2.123931 -1.286695
-3.106371 2.123931 -1.286695
-3.453653 2.471213 -1.633977
-3.453653 2.471213 -1.286695
-3.106371 2.471213 -1.286695
-2.759089 2.123931 -1.633977
-2.411807 2.123931 -1.633977
-2.759089 2.123931 -1.286695
-2.411807 2.123931 -1.286695
-2.759089 2.471213 -1.633977
-2.411807 2.471213 -1.633977
-2.759089 2.471213 -1.286695
-3.453653 2.123931 -0.939413
-3.106371 2.123931 -0.939413
-3.453653 2.123931 -0.592131
-3.106371 2.123931 -0.592131
-3.453653 2.471213 -0.939413
-3.106371 2.471213 -0.939413
-3.453653 2.471213 -0.592131
-3.106371 2.471213 -0.592131
-2.759089 2.123931 -0.939413
-2.759089 2.123931 -0.592131
-2.759089 2.471213 -0.939413
-3.453653 2.818495 -1.633977
-3.106371 2.818495 -1.633977
-3.453653 2.818495 -1.286695
-3.106371 2.818495 -1.286695
-3.453653 3.165777 -1.633977
-3.453653 3.165777 -1.286695
-3.106371 3.165777 -1.286695
-2.411807 2.818495 -1.633977
-2.759089 2.818495 -1.286695
-2.411807 2.818495 -1.286695
-2.759089 3.165777 -1.286695
-2.411807 3.165777 -1.286695
-3.280012 2.992136 -0.765772
-2.759089 2.818495 -0.939413
-2.411807 2.818495 -0.939413
-2.759089 2.818495 -0.592131
-2.411807 2.818495 -0.592131
-2.759089 3.165777 -0.939413
-2.411807 3.165777 -0.939413
-2.759089 3.165777 -0.592131
-2.411807 3.165777 -0.592131
-1.196320 2.297572 -1.460336
-1.717243 2.123931 -0.939413
-1.717243 2.123931 -0.592131
-1.717243 2.471213 -0.939413
-1.717243 2.471213 -0.592131
-1.196320 2.297572 -0.765772
-1.717243 2.818495 -1.633977
-1.717243 2.818495 -1.286695
-2.064525 3.165777 -1.633977
-1.717243 3.165777 -1.633977
-2.064525 3.165777 -1.286695
-1.717243 3.165777 -1.286695
-1.196320 2.992136 -1.460336
-1.890884 2.992136 -0.765772
-1.196320 2.992136 -0.765772
-3.106371 2.123931 -0.244850
-3.453653 2.123931 0.102432
-3.106371 2.123931 0.102432
-3.106371 2.471213 -0.244850
-3.453653 2.471213 0.102432
-3.106371 2.471213 0.102432
-2.411807 2.471213 0.102432
-3.453653 2.123931 0.449714
-3.453653 2.123931 0.796996
-3.453653 2.471213 0.449714
-3.453653 2.471213 0.796996
-2.411807 2.123931 0.449714
-2.411807 2.123931 0.796996
-2.411807 2.471213 0.449714
-2.759089 2.471213 0.796996
-2.411807 2.471213 0.796996
-3.453653 2.818495 -0.244850
-3.106371 2.818495 -0.244850
-3.453653 2.818495 0.102432
-3.106371 2.818495 0.102432
-3.453653 3.165777 -0.244850
-3.106371 3.165777 -0.244850
-3.453653 3.165777 0.102432
-3.106371 3.165777 0.102432
-2.759089 2.818495 -0.244850
-2.411807 2.818495 -0.244850
-2.759089 2.818495 0.102432
-2.411807 2.818495 0.102432
-2.759089 3.165777 -0.244850
-2.411807 3.165777 -0.244850
-2.759089 3.165777 0.102432
-2.411807 3.165777 0.102432
-3.453653 2.818495 0.449714
-3.106371 2.818495 0.449714
-3.453653 2.818495 0.796996
-3.106371 2.818495 0.796996
-3.453653 3.165777 0.449714
-3.106371 3.165777 0.449714
-3.106371 3.165777 0.796996
-2.585448 2.992136 0.623355
-1.717243 2.123931 -0.244850
-2.064525 2.123931 0.102432
-1.717243 2.123931 0.102432
-1.717243 2.471213 -0.244850
-1.717243 2.471213 0.102432
-1.196320 2.297572 -0.071209
-1.890884 2.297572 0.623355
-1.196320 2.297572 0.623355
-2.064525 2.818495 -0.244850
-1.717243 2.818495 -0.244850
-1.717243 2.818495 0.102432
-2.064525 3.165777 -0.244850
-1.717243 3.165777 -0.244850
-2.064525 3.165777 0.102432
-1.717243 3.165777 0.102432
-1.369961 2.818495 -0.244850
-1.022679 2.818495 -0.244850
-1.369961 2.818495 0.102432
-1.022679 2.818495 0.102432
-1.369961 3.165777 0.102432
-1.022679 3.165777 0.102432
-1.717243 2.818495 0.449714
-2.064525 2.818495 0.796996
-1.717243 2.818495 0.796996
-1.717243 3.165777 0.796996
-1.196320 2.992136 0.623355
-3.800935 1.082085 1.144278
-3.800935 1.429367 1.144278
-3.800935 1.429367 1.491560
-3.800935 2.123931 1.144278
-3.800935 2.123931 1.491560
-3.800935 2.471213 1.144278
-3.800935 2.471213 1.491560
-3.800935 2.818495 1.144278
-3.800935 2.818495 1.491560
-3.106371 0.734803 1.144278
-3.106371 0.734803 1.491560
-3.106371 1.082085 1.144278
-2.585448 0.908444 1.317919
-3.453653 0.734803 1.838842
-3.106371 1.082085 1.838842
-2.585448 0.908444 2.012483
-3.453653 1.429367 1.144278
-3.106371 1.429367 1.144278
-2.759089 1.429367 1.144278
-2.411807 1.429367 1.144278
-2.411807 1.429367 1.491560
-2.411807 1.776649 1.144278
-2.759089 1.429367 1.838842
-2.411807 1.429367 1.838842
-2.759089 1.429367 2.186124
-2.411807 1.429367 2.186124
-2.759089 1.776649 1.838842
-2.411807 1.776649 1.838842
-2.759089 1.776649 2.186124
-2.411807 1.776649 2.186124
-1.890884 0.908444 1.317919
-1.369961 0.734803 1.144278
-1.022679 0.734803 1.144278
-1.369961 0.734803 1.491560
-1.022679 0.734803 1.491560
-1.369961 1.082085 1.144278
-1.022679 1.082085 1.144278
-1.369961 1.082085 1.491560
-1.022679 1.082085 1.491560
-1.890884 0.908444 2.012483
-1.369961 0.734803 2.186124
-2.064525 1.429367 1.144278
-1.717243 1.429367 1.144278
-2.064525 1.429367 1.491560
-1.717243 1.429367 1.491560
-2.064525 1.776649 1.144278
-1.717243 1.776649 1.144278
-1.717243 1.776649 1.491560
-1.369961 1.429367 1.144278
-1.022679 1.429367 1.144278
-1.369961 1.429367 1.491560
-1.022679 1.429367 1.491560
-1.369961 1.776649 1.144278
-1.022679 1.776649 1.144278
-1.022679 1.776649 1.491560
-2.064525 1.429367 1.838842
-1.717243 1.429367 1.838842
-2.064525 1.429367 2.186124
-1.717243 1.429367 2.186124
-2.064525 1.776649 1.838842
-1.717243 1.776649 1.838842
-2.064525 1.776649 2.186124
-1.717243 1.776649 2.186124
-3.106371 0.734803 2.533406
-3.453653 1.082085 2.533406
-3.106371 1.082085 2.533406
-3.106371 1.082085 2.880688
-2.759089 0.734803 2.533406
-2.411807 0.734803 2.533406
-2.411807 0.734803 2.880688
-2.759089 1.082085 2.533406
-2.411807 1.082085 2.533406
-2.759089 1.082085 2.880688
-2.411807 1.082085 2.880688
-3.106371 1.082085 3.227970
-2.585448 0.908444 3.401611
-3.453653 1.429367 2.533406
-3.106371 1.429367 2.533406
-3.106371 1.429367 2.880688
-3.106371 1.776649 2.533406
-3.453653 1.776649 2.880688
-3.106371 1.776649 2.880688
-2.585448 1.603008 2.707047
-3.106371 1.429367 3.227970
-3.106371 1.429367 3.575252
-3.106371 1.776649 3.227970
-2.585448 1.603008 3.401611
-1.890884 0.908444 2.707047
-1.369961 0.734803 2.533406
-1.369961 0.734803 2.880688
-1.369961 1.082085 2.533406
-1.369961 1.082085 2.880688
-1.890884 0.908444 3.401611
-1.369961 0.734803 3.227970
-1.369961 0.734803 3.575252
-1.022679 0.734803 3.575252
-1.369961 1.082085 3.227970
-1.369961 1.082085 3.575252
-1.022679 1.082085 3.575252
-1.890884 1.603008 2.707047
-1.369961 1.429367 2.533406
-1.369961 1.429367 2.880688
-1.369961 1.776649 2.880688
-1.890884 1.603008 3.401611
-1.369961 1.429367 3.227970
-1.369961 1.429367 3.575252
-1.022679 1.429367 3.575252
-1.369961 1.776649 3.227970
-1.369961 1.776649 3.575252
-1.022679 1.776649 3.575252
-3.106371 2.471213 1.491560
-2.759089 2.471213 1.144278
-3.106371 2.123931 1.838842
-3.106371 2.471213 1.838842
-2.759089 2.123931 2.186124
-2.411807 2.123931 2.186124
-2.759089 2.471213 2.186124
-2.411807 2.471213 2.186124
-3.453653 2.818495 1.144278
-3.106371 2.818495 1.144278
-3.106371 2.818495 1.491560
-3.453653 3.165777 1.144278
-3.106371 3.165777 1.144278
-3.106371 3.165777 1.491560
-2.759089 2.818495 1.144278
-2.411807 2.818495 1.144278
-2.759089 2.818495 1.491560
-2.759089 3.165777 1.144278
-2.411807 3.165777 1.144278
-2.759089 3.165777 1.491560
-2.411807 3.165777 1.491560
-3.106371 2.818495 1.838842
-2.759089 2.818495 1.838842
-2.411807 2.818495 2.186124
-2.759089 3.165777 1.838842
-2.411807 3.165777 2.186124
-2.064525 2.123931 1.144278
-1.717243 2.123931 1.144278
-1.717243 2.471213 1.144278
-1.369961 2.123931 1.144278
-1.022679 2.123931 1.144278
-1.369961 2.471213 1.144278
-1.022679 2.471213 1.144278
-2.064525 2.123931 1.838842
-2.064525 2.123931 2.186124
-1.717243 2.123931 2.186124
-2.064525 2.471213 1.838842
-2.064525 2.471213 2.186124
-1.717243 2.471213 2.186124
-2.064525 3.165777 1.144278
-1.369961 2.818495 1.144278
-1.022679 2.818495 1.144278
-1.022679 2.818495 1.491560
-1.022679 3.165777 1.144278
-1.022679 3.165777 1.491560
-2.064525 2.818495 2.186124
-1.022679 2.818495 1.838842
-1.022679 3.165777 1.838842
-1.022679 3.165777 2.186124
-3.106371 2.123931 2.533406
-3.453653 2.123931 2.880688
-3.106371 2.123931 2.880688
-3.106371 2.471213 2.533406
-3.106371 2.471213 2.880688
-2.585448 2.297572 2.707047
-3.106371 2.123931 3.227970
-3.106371 2.123931 3.575252
-2.759089 2.123931 3.227970
-2.411807 2.123931 3.227970
-2.759089 2.123931 3.575252
-2.411807 2.123931 3.575252
-3.106371 2.818495 2.533406
-3.106371 2.818495 2.880688
-3.106371 3.165777 2.533406
-3.106371 3.165777 2.880688
-2.759089 2.818495 2.533406
-2.411807 2.818495 2.533406
-2.759089 2.818495 2.880688
-2.411807 2.818495 2.880688
-2.759089 3.165777 2.533406
-2.759089 3.165777 2.880688
-2.411807 3.165777 2.880688
-3.106371 2.818495 3.227970
-3.106371 2.818495 3.575252
-3.106371 3.165777 3.227970
-2.759089 3.165777 3.227970
-2.411807 3.165777 3.227970
-2.759089 3.165777 3.575252
-2.411807 3.165777 3.575252
-1.890884 2.297572 2.707047
-2.064525 2.123931 3.227970
-1.717243 2.123931 3.227970
-2.064525 2.123931 3.575252
-1.717243 2.123931 3.575252
-2.064525 2.471213 3.227970
-1.717243 2.471213 3.227970
-2.064525 2.471213 3.575252
-1.717243 2.471213 3.575252
-1.369961 2.123931 3.227970
-1.369961 2.123931 3.575252
-1.022679 2.123931 3.575252
-1.369961 2.471213 3.227970
-1.369961 2.471213 3.575252
-1.022679 2.471213 3.575252
-2.064525 2.818495 2.880688
-1.717243 2.818495 2.880688
-2.064525 3.165777 2.880688
-1.717243 3.165777 2.880688
-1.022679 3.165777 2.533406
-2.064525 3.165777 3.227970
-2.064525 3.165777 3.575252
-1.717243 3.165777 3.575252
-1.022679 2.818495 3.227970
-1.369961 2.818495 3.575252
-1.022679 2.818495 3.575252
-1.369961 3.165777 3.575252
-1.022679 3.165777 3.575252
-3.453653 3.513059 -1.286695
-3.106371 3.513059 -1.286695
-3.453653 3.513059 -0.939413
-3.106371 3.513059 -0.939413
-3.453653 3.513059 -0.592131
-3.106371 3.860341 -0.939413
-2.411807 3.513059 -0.592131
-2.411807 3.860341 -0.592131
-1.717243 3.513059 -1.633977
-2.064525 3.513059 -1.286695
-1.717243 3.513059 -1.286695
-1.717243 3.860341 -1.286695
-1.369961 3.513059 -1.633977
-1.022679 3.513059 -1.633977
-1.369961 3.513059 -1.286695
-1.022679 3.513059 -1.286695
-1.369961 3.860341 -1.633977
-1.022679 3.860341 -1.633977
-1.369961 3.860341 -1.286695
-1.022679 3.860341 -1.286695
-1.890884 3.686700 -0.765772
-1.369961 3.513059 -0.939413
-1.022679 3.513059 -0.939413
-1.369961 3.513059 -0.592131
-1.022679 3.513059 -0.592131
-1.369961 3.860341 -0.939413
-1.022679 3.860341 -0.939413
-1.369961 3.860341 -0.592131
-1.022679 3.860341 -0.592131
-2.064525 4.207623 -0.939413
-2.064525 4.207623 -0.592131
-1.717243 4.207623 -0.592131
-1.717243 4.554905 -0.939413
-2.064525 4.554905 -0.592131
-1.717243 4.554905 -0.592131
-1.369961 4.207623 -0.592131
-1.022679 4.207623 -0.592131
-1.369961 4.554905 -0.592131
-1.022679 4.554905 -0.592131
-3.453653 3.513059 -0.244850
-3.106371 3.513059 0.796996
-3.106371 3.860341 0.449714
-3.106371 3.860341 0.796996
-2.585448 3.686700 0.623355
-2.759089 4.207623 -0.244850
-2.411807 4.207623 -0.244850
-2.759089 4.207623 0.102432
-2.411807 4.207623 0.102432
-2.759089 4.207623 0.449714
-2.411807 4.207623 0.449714
-2.759089 4.207623 0.796996
-2.411807 4.207623 0.796996
-1.717243 3.860341 -0.244850
-2.064525 3.860341 0.102432
-1.717243 3.860341 0.102432
-1.369961 3.513059 0.102432
-1.022679 3.513059 0.102432
-1.369961 3.860341 -0.244850
-1.022679 3.860341 -0.244850
-1.369961 3.860341 0.102432
-1.022679 3.860341 0.102432
-1.717243 3.513059 0.449714
-2.064525 3.860341 0.449714
-1.717243 3.860341 0.449714
-2.064525 3.860341 0.796996
-1.369961 3.513059 0.449714
-1.022679 3.513059 0.449714
-1.369961 3.513059 0.796996
-1.369961 3.860341 0.449714
-1.022679 3.860341 0.449714
-2.064525 4.207623 -0.244850
-1.717243 4.207623 -0.244850
-2.064525 4.207623 0.102432
-1.717243 4.207623 0.102432
-1.369961 4.207623 -0.244850
-1.022679 4.207623 -0.244850
-1.369961 4.207623 0.102432
-1.369961 4.554905 -0.244850
-1.022679 4.554905 -0.244850
-2.064525 4.207623 0.449714
-1.717243 4.207623 0.449714
-2.064525 4.207623 0.796996
-1.717243 4.207623 0.796996
-2.064525 4.554905 0.449714
-1.717243 4.554905 0.449714
-2.064525 4.554905 0.796996
-1.717243 4.554905 0.796996
-1.022679 4.554905 0.796996
-3.106371 3.513059 1.144278
-2.759089 3.513059 1.144278
-2.411807 3.513059 1.144278
-2.759089 3.513059 1.491560
-2.411807 3.513059 1.491560
-2.759089 3.513059 1.838842
-2.411807 3.513059 1.838842
-2.411807 3.513059 2.186124
-2.411807 3.860341 2.186124
-1.369961 3.513059 1.491560
-1.022679 3.513059 1.491560
-1.369961 3.860341 1.491560
-1.022679 3.860341 1.491560
-2.064525 3.513059 2.186124
-1.369961 3.513059 1.838842
-1.022679 3.513059 1.838842
-1.022679 3.513059 2.186124
-1.022679 3.860341 1.838842
-1.022679 3.860341 2.186124
-1.717243 4.554905 1.144278
-1.369961 4.554905 1.144278
-2.411807 3.860341 2.533406
-3.106371 3.513059 3.227970
-2.759089 3.513059 3.227970
-2.411807 3.513059 3.227970
-2.759089 3.513059 3.575252
-2.411807 3.513059 3.575252
-2.759089 3.860341 3.227970
-2.411807 4.207623 2.880688
-2.759089 4.207623 3.227970
-2.411807 4.207623 3.227970
-2.411807 4.207623 3.575252
-2.411807 4.554905 3.227970
-2.064525 3.513059 2.880688
-1.717243 3.513059 2.880688
-1.022679 3.513059 2.533406
-1.022679 3.513059 2.880688
-1.022679 3.860341 2.533406
-1.022679 3.860341 2.880688
-1.890884 3.686700 3.401611
-1.369961 3.513059 3.227970
-1.022679 3.513059 3.227970
-1.369961 3.513059 3.575252
-1.022679 3.513059 3.575252
-1.369961 3.860341 3.227970
-1.022679 3.860341 3.227970
-1.369961 3.860341 3.575252
-1.022679 3.860341 3.575252
-2.064525 4.207623 2.880688
-2.064525 4.554905 2.880688
-1.022679 4.207623 2.533406
-1.022679 4.207623 2.880688
-1.022679 4.554905 2.880688
-1.890884 4.381264 3.401611
-1.369961 4.207623 3.227970
-1.022679 4.207623 3.227970
-1.369961 4.207623 3.575252
-1.022679 4.207623 3.575252
-1.369961 4.554905 3.227970
-1.369961 4.554905 3.575252
-1.369961 4.902187 2.880688
-1.022679 4.902187 2.880688
-2.064525 4.902187 3.227970
-1.717243 4.902187 3.227970
-1.717243 4.902187 3.575252
-1.022679 5.249469 3.575252
-0.675397 0.734803 -5.454079
0.366449 0.734803 -5.801361
0.366449 0.734803 -5.454079
0.366449 1.082085 -5.801361
0.019167 1.082085 -5.454079
0.366449 1.082085 -5.454079
-0.328115 0.734803 -5.106797
-0.328115 1.082085 -4.759515
0.019167 1.082085 -4.759515
0.366449 1.082085 -4.759515
-0.328115 1.429367 -5.454079
-0.675397 1.776649 -5.454079
0.366449 1.429367 -5.801361
0.019167 1.429367 -5.454079
0.366449 1.429367 -5.454079
0.366449 1.776649 -5.454079
-0.675397 1.429367 -4.759515
-0.328115 1.429367 -4.759515
-0.675397 1.776649 -5.106797
-0.675397 1.776649 -4.759515
-0.328115 1.776649 -4.759515
0.366449 1.429367 -5.106797
0.019167 1.429367 -4.759515
0.366449 1.429367 -4.759515
0.366449 1.776649 -5.106797
0.019167 1.776649 -4.759515
0.366449 1.776649 -4.759515
0.713731 0.734803 -5.801361
1.061013 0.734803 -5.801361
0.713731 0.734803 -5.454079
1.061013 0.734803 -5.454079
0.713731 1.082085 -5.801361
1.061013 1.082085 -5.801361
0.713731 1.082085 -5.454079
1.061013 1.082085 -5.454079
1.408295 0.734803 -5.801361
1.408295 0.734803 -5.454079
1.755577 0.734803 -5.454079
1.408295 1.082085 -5.801361
1.408295 1.082085 -5.454079
1.755577 1.082085 -5.454079
0.713731 0.734803 -5.106797
1.061013 0.734803 -5.106797
0.713731 0.734803 -4.759515
1.061013 0.734803 -4.759515
0.713731 1.082085 -5.106797
1.061013 1.082085 -5.106797
0.713731 1.082085 -4.759515
1.061013 1.082085 -4.759515
1.408295 0.734803 -5.106797
1.755577 0.734803 -5.106797
1.408295 0.734803 -4.759515
1.755577 0.734803 -4.759515
1.755577 1.082085 -5.106797
0.713731 1.429367 -5.454079
0.713731 1.429367 -5.106797
0.713731 1.429367 -4.759515
1.061013 1.429367 -4.759515
0.713731 1.776649 -5.106797
1.061013 1.776649 -5.106797
0.713731 1.776649 -4.759515
1.061013 1.776649 -4.759515
1.755577 1.429367 -5.106797
1.755577 1.429367 -4.759515
1.755577 1.776649 -5.106797
1.408295 1.776649 -4.759515
1.755577 1.776649 -4.759515
-0.675397 2.123931 -5.454079
0.366449 2.123931 -5.454079
0.366449 2.471213 -5.454079
-0.675397 2.123931 -5.106797
-0.675397 2.123931 -4.759515
-0.328115 2.123931 -4.759515
-0.675397 2.471213 -5.106797
0.366449 2.123931 -5.106797
0.019167 2.123931 -4.759515
0.366449 2.123931 -4.759515
0.366449 2.471213 -5.106797
0.019167 2.471213 -4.759515
0.366449 2.471213 -4.759515
0.366449 2.818495 -5.454079
-0.675397 3.165777 -5.106797
0.366449 2.818495 -5.106797
0.019167 2.818495 -4.759515
0.366449 2.818495 -4.759515
0.019167 3.165777 -5.106797
0.366449 3.165777 -5.106797
0.019167 3.165777 -4.759515
0.366449 3.165777 -4.759515
0.713731 2.123931 -5.454079
1.061013 2.123931 -5.454079
0.713731 2.123931 -5.106797
0.713731 2.123931 -4.759515
0.713731 2.471213 -5.106797
1.061013 2.471213 -5.106797
1.755577 2.123931 -4.759515
0.713731 2.818495 -5.106797
1.061013 2.818495 -5.106797
0.713731 2.818495 -4.759515
1.061013 2.818495 -4.759515
0.713731 3.165777 -5.106797
0.713731 3.165777 -4.759515
2.102859 0.734803 -5.454079
2.450141 0.734803 -5.454079
2.102859 1.082085 -5.454079
2.450141 1.082085 -5.454079
2.797423 0.734803 -5.454079
2.797423 1.082085 -5.454079
2.276500 0.908444 -4.933156
2.797423 0.734803 -5.106797
3.144705 0.734803 -5.106797
2.797423 0.734803 -4.759515
2.797423 1.082085 -5.106797
3.144705 1.082085 -5.106797
2.797423 1.082085 -4.759515
2.450141 1.429367 -5.454079
2.102859 1.429367 -5.106797
2.102859 1.429367 -4.759515
2.450141 1.429367 -4.759515
2.102859 1.776649 -4.759515
2.797423 1.429367 -5.106797
2.102859 2.123931 -5.454079
2.102859 2.123931 -5.106797
2.102859 2.123931 -4.759515
-0.501756 0.908444 -4.238592
0.192808 0.908444 -4.238592
-0.501756 0.908444 -3.544028
0.192808 0.908444 -3.544028
-0.675397 1.429367 -4.412233
-0.328115 1.429367 -4.412233
-0.675397 1.429367 -4.064951
-0.328115 1.429367 -4.064951
-0.328115 1.776649 -4.412233
-0.675397 1.776649 -4.064951
-0.328115 1.776649 -4.064951
0.192808 1.603008 -4.238592
-0.501756 1.603008 -3.544028
0.192808 1.603008 -3.544028
0.887372 0.908444 -4.238592
1.408295 0.734803 -4.412233
1.408295 0.734803 -4.064951
1.408295 1.082085 -4.064951
0.887372 0.908444 -3.544028
1.581936 0.908444 -3.544028
0.887372 1.603008 -4.238592
1.408295 1.429367 -4.412233
1.408295 1.429367 -4.064951
1.408295 1.776649 -4.412233
1.755577 1.776649 -4.412233
0.887372 1.603008 -3.544028
1.408295 1.429367 -3.717669
1.755577 1.429367 -3.717669
1.408295 1.429367 -3.370387
1.755577 1.429367 -3.370387
1.408295 1.776649 -3.717669
1.755577 1.776649 -3.717669
1.408295 1.776649 -3.370387
1.755577 1.776649 -3.370387
-0.501756 0.908444 -2.849464
0.192808 0.908444 -2.849464
-0.501756 0.908444 -2.154900
0.192808 0.908444 -2.154900
-0.675397 1.429367 -3.023105
-0.328115 1.429367 -3.023105
-0.675397 1.429367 -2.675823
-0.328115 1.429367 -2.675823
-0.328115 1.776649 -3.023105
-0.328115 1.776649 -2.675823
0.019167 1.429367 -3.023105
0.366449 1.429367 -3.023105
0.019167 1.429367 -2.675823
0.366449 1.429367 -2.675823
0.019167 1.776649 -3.023105
0.366449 1.776649 -3.023105
0.019167 1.776649 -2.675823
0.366449 1.776649 -2.675823
-0.675397 1.429367 -2.328541
-0.328115 1.429367 -2.328541
-0.675397 1.429367 -1.981259
-0.328115 1.429367 -1.981259
-0.675397 1.776649 -2.328541
-0.675397 1.776649 -1.981259
0.019167 1.429367 -2.328541
0.366449 1.429367 -2.328541
0.019167 1.429367 -1.981259
0.366449 1.429367 -1.981259
0.019167 1.776649 -2.328541
0.366449 1.776649 -2.328541
0.366449 1.776649 -1.981259
0.887372 0.908444 -2.849464
1.581936 0.908444 -2.849464
0.887372 0.908444 -2.154900
1.581936 0.908444 -2.154900
0.887372 1.603008 -2.849464
1.408295 1.429367 -3.023105
1.755577 1.429367 -3.023105
1.408295 1.429367 -2.675823
1.755577 1.429367 -2.675823
1.408295 1.776649 -3.023105
1.755577 1.776649 -3.023105
1.408295 1.776649 -2.675823
0.887372 1.603008 -2.154900
1.408295 1.429367 -2.328541
1.755577 1.429367 -2.328541
1.408295 1.429367 -1.981259
1.755577 1.429367 -1.981259
1.408295 1.776649 -2.328541
1.408295 1.776649 -1.981259
1.755577 1.776649 -1.981259
-0.328115 2.123931 -4.412233
-0.328115 2.123931 -4.064951
0.192808 2.297572 -4.238592
-0.675397 2.123931 -3.717669
-0.328115 2.123931 -3.717669
-0.675397 2.123931 -3.370387
-0.328115 2.123931 -3.370387
-0.328115 2.471213 -3.717669
-0.675397 2.471213 -3.370387
-0.328115 2.471213 -3.370387
0.192808 2.297572 -3.544028
-0.328115 3.165777 -4.412233
-0.675397 3.165777 -4.064951
0.019167 2.818495 -4.412233
0.366449 2.818495 -4.412233
0.019167 2.818495 -4.064951
0.019167 3.165777 -4.412233
0.366449 3.165777 -4.412233
-0.328115 2.818495 -3.717669
-0.675397 2.818495 -3.370387
-0.328115 2.818495 -3.370387
0.019167 2.818495 -3.717669
0.019167 2.818495 -3.370387
0.366449 2.818495 -3.370387
0.019167 3.165777 -3.370387
0.713731 2.123931 -4.412233
1.061013 2.123931 -4.412233
0.713731 2.123931 -4.064951
1.061013 2.123931 -4.064951
1.408295 2.123931 -4.412233
1.755577 2.123931 -4.412233
1.755577 2.471213 -4.412233
0.713731 2.123931 -3.717669
1.061013 2.123931 -3.717669
0.713731 2.123931 -3.370387
1.061013 2.123931 -3.370387
0.713731 2.471213 -3.717669
0.713731 2.471213 -3.370387
1.061013 2.471213 -3.370387
1.755577 2.123931 -3.717669
1.408295 2.123931 -3.370387
1.755577 2.123931 -3.370387
1.408295 2.471213 -3.370387
1.755577 2.471213 -3.370387
0.713731 2.818495 -3.370387
1.061013 2.818495 -3.370387
1.408295 2.818495 -3.370387
-0.675397 2.471213 -2.675823
0.366449 2.471213 -3.023105
-0.675397 2.123931 -1.981259
-0.675397 2.471213 -2.328541
-0.328115 2.471213 -2.328541
-0.675397 2.471213 -1.981259
-0.328115 2.471213 -1.981259
0.019167 2.123931 -2.328541
0.366449 2.123931 -2.328541
0.366449 2.123931 -1.981259
0.019167 2.471213 -2.328541
0.366449 2.471213 -2.328541
0.019167 2.471213 -1.981259
0.366449 2.471213 -1.981259
-0.675397 2.818495 -3.023105
-0.328115 2.818495 -3.023105
-0.675397 2.818495 -2.675823
0.019167 2.818495 -3.023105
0.366449 2.818495 -3.023105
0.366449 2.818495 -2.675823
0.366449 3.165777 -3.023105
-0.675397 2.818495 -2.328541
-0.328115 2.818495 -2.328541
-0.675397 2.818495 -1.981259
-0.328115 2.818495 -1.981259
-0.675397 3.165777 -2.328541
-0.675397 3.165777 -1.981259
0.019167 2.818495 -1.981259
0.713731 2.123931 -3.023105
1.061013 2.123931 -3.023105
0.713731 2.471213 -3.023105
1.061013 2.471213 -3.023105
1.408295 2.123931 -3.023105
1.755577 2.123931 -3.023105
1.408295 2.123931 -2.675823
1.755577 2.123931 -2.675823
1.408295 2.471213 -3.023105
1.755577 2.471213 -3.023105
0.713731 2.123931 -2.328541
1.061013 2.123931 -2.328541
0.713731 2.123931 -1.981259
1.061013 2.123931 -1.981259
0.713731 2.471213 -1.981259
1.408295 2.123931 -1.981259
1.755577 2.123931 -1.981259
1.408295 2.471213 -1.981259
1.755577 2.471213 -1.981259
0.713731 2.818495 -3.023105
1.061013 2.818495 -3.023105
0.713731 2.818495 -2.675823
1.061013 2.818495 -2.675823
0.713731 3.165777 -3.023105
0.713731 3.165777 -2.675823
1.408295 2.818495 -3.023105
1.408295 2.818495 -2.675823
1.061013 3.165777 -2.328541
1.408295 2.818495 -1.981259
1.755577 2.818495 -1.981259
1.408295 3.165777 -1.981259
2.450141 1.082085 -4.064951
2.797423 0.734803 -4.064951
2.102859 0.734803 -3.717669
2.450141 0.734803 -3.717669
2.102859 0.734803 -3.370387
2.450141 0.734803 -3.370387
2.102859 1.082085 -3.717669
2.450141 1.082085 -3.717669
2.102859 1.082085 -3.370387
2.450141 1.082085 -3.370387
2.797423 0.734803 -3.717669
2.797423 0.734803 -3.370387
3.144705 0.734803 -3.370387
2.797423 1.082085 -3.717669
2.797423 1.082085 -3.370387
2.450141 1.429367 -4.412233
2.102859 1.776649 -4.412233
2.102859 1.429367 -3.717669
2.450141 1.429367 -3.717669
2.102859 1.429367 -3.370387
2.450141 1.429367 -3.370387
2.102859 1.776649 -3.717669
2.102859 1.776649 -3.370387
2.102859 0.734803 -3.023105
2.450141 0.734803 -3.023105
2.102859 0.734803 -2.675823
2.450141 0.734803 -2.675823
2.102859 1.082085 -3.023105
2.450141 1.082085 -3.023105
2.102859 1.082085 -2.675823
2.797423 0.734803 -3.023105
2.797423 1.082085 -3.023105
2.276500 0.908444 -2.154900
2.797423 0.734803 -2.328541
3.144705 0.734803 -2.328541
2.797423 0.734803 -1.981259
2.797423 1.082085 -2.328541
2.797423 1.082085 -1.981259
2.102859 1.429367 -3.023105
2.450141 1.429367 -3.023105
2.102859 1.776649 -3.023105
2.102859 1.429367 -1.981259
2.450141 1.429367 -1.981259
2.102859 1.776649 -1.981259
2.450141 1.776649 -1.981259
2.102859 2.123931 -4.412233
2.102859 2.123931 -3.023105
2.102859 2.123931 -2.675823
2.102859 2.123931 -1.981259
2.102859 2.471213 -1.981259
-0.501756 3.686700 -4.933156
0.019167 3.513059 -5.106797
0.366449 3.513059 -5.106797
0.019167 3.513059 -4.759515
0.366449 3.513059 -4.759515
0.019167 3.860341 -5.106797
0.019167 3.860341 -4.759515
0.713731 3.513059 -4.759515
-0.675397 3.513059 -4.412233
-0.328115 3.513059 -4.412233
-0.675397 3.860341 -4.412233
-0.328115 3.860341 -4.412233
-0.675397 3.860341 -4.064951
0.019167 3.513059 -4.412233
0.366449 3.513059 -4.412233
-0.328115 3.513059 -3.370387
0.713731 3.513059 -4.412233
-0.328115 3.513059 -3.023105
0.019167 3.513059 -2.675823
0.366449 3.513059 -2.675823
-0.675397 3.513059 -1.981259
0.713731 3.513059 -1.981259
-0.501756 0.908444 -1.460336
0.192808 0.908444 -1.460336
-0.501756 0.908444 -0.765772
0.192808 0.908444 -0.765772
-0.501756 1.603008 -1.460336
0.019167 1.429367 -1.633977
0.366449 1.429367 -1.633977
0.019167 1.429367 -1.286695
0.366449 1.429367 -1.286695
0.019167 1.776649 -1.286695
-0.501756 1.603008 -0.765772
0.192808 1.603008 -0.765772
0.713731 0.734803 -1.633977
1.061013 0.734803 -1.633977
0.713731 0.734803 -1.286695
1.061013 0.734803 -1.286695
0.713731 1.082085 -1.633977
1.061013 1.082085 -1.633977
0.713731 1.082085 -1.286695
1.408295 0.734803 -1.633977
1.755577 0.734803 -1.633977
1.755577 0.734803 -1.286695
1.408295 1.082085 -1.633977
1.755577 1.082085 -1.633977
1.755577 1.082085 -1.286695
0.713731 0.734803 -0.939413
1.061013 0.734803 -0.939413
0.713731 0.734803 -0.592131
1.061013 0.734803 -0.592131
0.713731 1.082085 -0.939413
0.713731 1.082085 -0.592131
1.061013 1.082085 -0.592131
1.408295 0.734803 -0.592131
1.755577 0.734803 -0.592131
1.755577 1.082085 -0.939413
1.408295 1.082085 -0.592131
1.755577 1.082085 -0.592131
0.713731 1.429367 -1.633977
1.061013 1.429367 -1.633977
0.713731 1.429367 -1.286695
0.713731 1.776649 -1.633977
1.061013 1.776649 -1.633977
1.408295 1.429367 -1.633977
1.755577 1.429367 -1.633977
1.755577 1.429367 -1.286695
1.408295 1.776649 -1.633977
1.755577 1.776649 -1.633977
1.408295 1.776649 -1.286695
1.755577 1.776649 -1.286695
0.713731 1.429367 -0.939413
0.713731 1.429367 -0.592131
1.061013 1.429367 -0.592131
0.713731 1.776649 -0.592131
1.755577 1.429367 -0.939413
1.408295 1.429367 -0.592131
1.755577 1.429367 -0.592131
1.755577 1.776649 -0.939413
-0.154474 1.255726 0.276073
0.887372 0.908444 -0.071209
1.581936 0.908444 -0.071209
0.887372 0.908444 0.623355
1.581936 0.908444 0.623355
0.887372 1.603008 -0.071209
1.408295 1.429367 -0.244850
1.755577 1.429367 -0.244850
1.408295 1.429367 0.102432
1.755577 1.429367 0.102432
1.408295 1.776649 0.102432
1.755577 1.776649 0.102432
0.887372 1.603008 0.623355
1.581936 1.603008 0.623355
-0.501756 2.297572 -1.460336
0.019167 2.123931 -1.286695
0.019167 2.471213 -1.633977
0.366449 2.471213 -1.633977
0.019167 2.471213 -1.286695
-0.501756 2.297572 -0.765772
0.192808 2.297572 -0.765772
-0.501756 2.992136 -1.460336
0.019167 2.818495 -1.633977
0.019167 2.818495 -1.286695
0.019167 3.165777 -1.286695
-0.675397 2.818495 -0.939413
-0.328115 2.818495 -0.939413
-0.675397 2.818495 -0.592131
-0.328115 2.818495 -0.592131
-0.675397 3.165777 -0.939413
-0.328115 3.165777 -0.939413
0.019167 2.818495 -0.939413
0.366449 2.818495 -0.939413
0.019167 2.818495 -0.592131
0.366449 2.818495 -0.592131
0.019167 3.165777 -0.939413
0.366449 3.165777 -0.939413
0.713731 2.123931 -1.633977
1.061013 2.123931 -1.633977
1.061013 2.471213 -1.633977
1.061013 2.471213 -1.286695
1.581936 2.297572 -1.460336
0.713731 2.123931 -0.939413
0.713731 2.123931 -0.592131
1.061013 2.123931 -0.592131
0.713731 2.471213 -0.939413
1.061013 2.471213 -0.939413
0.713731 2.471213 -0.592131
1.061013 2.471213 -0.592131
1.408295 2.123931 -0.939413
1.755577 2.123931 -0.939413
1.755577 2.123931 -0.592131
1.408295 2.471213 -0.939413
1.755577 2.818495 -1.633977
1.408295 3.165777 -1.633977
1.755577 3.165777 -1.633977
0.713731 2.818495 -0.939413
1.061013 2.818495 -0.939413
-0.501756 2.297572 -0.071209
0.192808 2.297572 -0.071209
-0.501756 2.297572 0.623355
0.192808 2.297572 0.623355
-0.675397 2.818495 -0.244850
-0.328115 2.818495 -0.244850
-0.675397 2.818495 0.102432
-0.328115 2.818495 0.102432
-0.675397 3.165777 0.102432
-0.328115 3.165777 0.102432
0.019167 2.818495 -0.244850
0.366449 2.818495 -0.244850
0.019167 2.818495 0.102432
0.366449 2.818495 0.102432
0.366449 3.165777 -0.244850
0.019167 3.165777 0.102432
0.366449 3.165777 0.102432
-0.501756 2.992136 0.623355
0.019167 2.818495 0.449714
0.366449 2.818495 0.449714
0.019167 2.818495 0.796996
0.366449 2.818495 0.796996
0.019167 3.165777 0.449714
0.366449 3.165777 0.449714
0.019167 3.165777 0.796996
0.887372 2.297572 -0.071209
1.408295 2.123931 -0.244850
1.755577 2.123931 -0.244850
1.408295 2.123931 0.102432
1.755577 2.123931 0.102432
1.408295 2.471213 -0.244850
1.755577 2.471213 -0.244850
1.408295 2.471213 0.102432
0.887372 2.297572 0.623355
1.581936 2.297572 0.623355
0.713731 2.818495 -0.244850
1.061013 2.818495 -0.244850
0.713731 2.818495 0.102432
1.061013 2.818495 0.102432
0.713731 3.165777 -0.244850
1.061013 3.165777 -0.244850
0.713731 3.165777 0.102432
1.061013 3.165777 0.102432
1.408295 2.818495 -0.244850
1.408295 2.818495 0.102432
1.408295 3.165777 0.102432
0.713731 2.818495 0.449714
1.061013 2.818495 0.449714
0.713731 2.818495 0.796996
1.061013 2.818495 0.796996
1.408295 2.818495 0.449714
1.755577 2.818495 0.449714
1.408295 2.818495 0.796996
2.102859 0.734803 -1.633977
2.450141 0.734803 -1.633977
2.102859 0.734803 -1.286695
2.450141 0.734803 -1.286695
2.102859 1.082085 -1.633977
2.450141 1.082085 -1.633977
2.102859 1.082085 -1.286695
2.450141 1.082085 -1.286695
2.797423 0.734803 -1.633977
3.144705 0.734803 -1.633977
2.797423 0.734803 -1.286695
2.797423 1.082085 -1.633977
2.102859 1.429367 -1.633977
2.450141 1.429367 -1.633977
2.450141 1.429367 -1.286695
2.102859 1.776649 -1.633977
2.450141 1.776649 -1.633977
2.450141 1.429367 -0.592131
2.450141 1.776649 -0.592131
2.102859 0.734803 -0.244850
2.450141 0.734803 -0.244850
2.102859 0.734803 0.102432
2.102859 1.082085 -0.244850
2.450141 1.082085 -0.244850
2.102859 0.734803 0.796996
2.102859 1.082085 0.796996
2.102859 1.429367 -0.244850
2.450141 1.429367 -0.244850
2.450141 1.776649 -0.244850
2.102859 1.429367 0.796996
2.102859 1.776649 0.796996
2.102859 2.123931 -1.633977
2.102859 2.471213 -1.633977
2.102859 2.818495 -1.633977
2.102859 2.123931 -0.244850
2.450141 2.123931 -0.244850
2.450141 2.123931 0.102432
2.102859 2.471213 -0.244850
2.450141 2.471213 -0.244850
2.450141 2.123931 0.449714
-0.501756 0.908444 1.317919
0.192808 0.908444 1.317919
-0.501756 0.908444 2.012483
0.192808 0.908444 2.012483
-0.501756 1.603008 1.317919
0.192808 1.603008 1.317919
-0.501756 1.603008 2.012483
0.019167 1.429367 1.838842
0.366449 1.429367 1.838842
0.019167 1.429367 2.186124
0.366449 1.429367 2.186124
0.019167 1.776649 1.838842
0.887372 0.908444 1.317919
1.581936 0.908444 1.317919
0.887372 0.908444 2.012483
1.408295 0.734803 1.838842
1.755577 0.734803 1.838842
0.887372 1.603008 1.317919
1.581936 1.603008 1.317919
-0.328115 0.734803 2.533406
-0.328115 0.734803 2.880688
-0.328115 1.082085 2.533406
-0.328115 1.082085 2.880688
0.192808 0.908444 2.707047
-0.328115 0.734803 3.227970
-0.675397 0.734803 3.575252
-0.328115 0.734803 3.575252
-0.328115 1.082085 3.227970
-0.675397 1.082085 3.575252
-0.328115 1.082085 3.575252
0.019167 0.734803 3.227970
0.366449 0.734803 3.227970
0.019167 0.734803 3.575252
0.019167 1.082085 3.227970
0.366449 1.082085 3.227970
-0.675397 1.429367 2.533406
-0.328115 1.429367 2.533406
-0.328115 1.429367 2.880688
-0.675397 1.776649 2.533406
-0.328115 1.776649 2.533406
-0.675397 1.776649 2.880688
-0.328115 1.776649 2.880688
0.192808 1.603008 2.707047
-0.328115 1.429367 3.227970
-0.675397 1.429367 3.575252
-0.328115 1.429367 3.575252
-0.675397 1.776649 3.227970
-0.328115 1.776649 3.227970
-0.675397 1.776649 3.575252
-0.328115 1.776649 3.575252
0.019167 1.429367 3.227970
0.366449 1.429367 3.227970
0.019167 1.776649 3.227970
0.366449 1.776649 3.227970
0.366449 1.776649 3.575252
0.887372 0.908444 2.707047
1.408295 0.734803 2.533406
1.408295 0.734803 2.880688
1.408295 1.082085 2.533406
1.408295 1.082085 2.880688
0.713731 0.734803 3.227970
1.061013 0.734803 3.227970
0.713731 0.734803 3.575252
0.713731 1.082085 3.227970
1.061013 1.082085 3.227970
1.408295 1.082085 3.227970
0.887372 1.603008 2.707047
1.408295 1.429367 2.533406
1.408295 1.429367 2.880688
1.408295 1.776649 2.533406
1.755577 1.776649 2.533406
1.755577 1.776649 2.880688
0.713731 1.429367 3.227970
0.713731 1.429367 3.575252
0.713731 1.776649 3.227970
0.713731 1.776649 3.575252
1.061013 1.776649 3.575252
-0.675397 2.123931 1.144278
-0.328115 2.123931 1.144278
-0.675397 2.123931 1.491560
-0.328115 2.123931 1.491560
-0.675397 2.471213 1.144278
-0.328115 2.471213 1.144278
-0.328115 2.471213 1.491560
0.019167 2.123931 1.144278
0.366449 2.123931 1.144278
0.019167 2.123931 1.491560
0.366449 2.123931 1.491560
0.019167 2.471213 1.144278
0.366449 2.471213 1.144278
0.019167 2.471213 1.491560
0.366449 2.471213 1.491560
0.366449 2.471213 2.186124
-0.501756 2.992136 1.317919
0.192808 2.992136 1.317919
-0.675397 2.818495 1.838842
-0.328115 2.818495 1.838842
-0.328115 2.818495 2.186124
-0.675397 3.165777 1.838842
-0.328115 3.165777 1.838842
-0.675397 3.165777 2.186124
-0.328115 3.165777 2.186124
0.019167 2.818495 1.838842
0.366449 2.818495 1.838842
0.019167 2.818495 2.186124
0.366449 2.818495 2.186124
0.019167 3.165777 1.838842
0.366449 3.165777 1.838842
0.019167 3.165777 2.186124
0.366449 3.165777 2.186124
0.887372 2.297572 1.317919
1.408295 2.123931 1.144278
1.755577 2.123931 1.144278
1.408295 2.123931 1.491560
1.755577 2.123931 1.491560
1.408295 2.471213 1.144278
1.408295 2.471213 1.491560
0.713731 2.123931 1.838842
1.061013 2.123931 1.838842
1.061013 2.123931 2.186124
0.887372 2.992136 1.317919
1.408295 2.818495 1.144278
1.408295 2.818495 1.491560
1.408295 3.165777 1.491560
1.755577 3.165777 1.491560
0.713731 2.818495 2.186124
0.713731 3.165777 1.838842
1.061013 3.165777 1.838842
0.713731 3.165777 2.186124
1.061013 3.165777 2.186124
1.408295 3.165777 2.186124
-0.675397 2.123931 2.533406
-0.328115 2.123931 2.533406
-0.675397 2.123931 2.880688
-0.328115 2.123931 2.880688
-0.675397 2.471213 2.880688
-0.328115 2.471213 2.880688
0.019167 2.123931 2.533406
0.366449 2.123931 2.533406
0.019167 2.123931 2.880688
0.366449 2.123931 2.880688
0.019167 2.471213 2.533406
0.366449 2.471213 2.533406
0.019167 2.471213 2.880688
0.366449 2.471213 2.880688
-0.675397 2.123931 3.227970
-0.328115 2.123931 3.227970
-0.675397 2.123931 3.575252
-0.328115 2.123931 3.575252
-0.675397 2.471213 3.227970
-0.328115 2.471213 3.227970
-0.675397 2.471213 3.575252
0.019167 2.123931 3.227970
0.366449 2.123931 3.227970
0.366449 2.123931 3.575252
0.019167 2.471213 3.227970
0.366449 2.471213 3.227970
0.366449 2.471213 3.575252
-0.328115 2.818495 2.533406
-0.675397 2.818495 2.880688
-0.328115 2.818495 2.880688
-0.675397 3.165777 2.533406
-0.328115 3.165777 2.533406
0.192808 2.992136 2.707047
-0.675397 2.818495 3.227970
-0.328115 2.818495 3.227970
-0.675397 2.818495 3.575252
-0.675397 3.165777 3.575252
0.019167 2.818495 3.227970
0.366449 2.818495 3.227970
0.366449 2.818495 3.575252
0.366449 3.165777 3.575252
0.887372 2.297572 2.707047
1.408295 2.123931 2.533406
1.408295 2.471213 2.533406
0.713731 2.123931 3.227970
1.061013 2.123931 3.227970
0.713731 2.123931 3.575252
1.061013 2.123931 3.575252
0.713731 2.471213 3.227970
1.061013 2.471213 3.227970
0.713731 2.471213 3.575252
1.061013 2.471213 3.575252
1.408295 2.123931 3.575252
1.408295 2.471213 3.575252
0.713731 2.818495 2.533406
1.061013 2.818495 2.533406
0.713731 2.818495 2.880688
0.713731 3.165777 2.533406
1.061013 3.165777 2.880688
1.408295 2.818495 2.533406
0.713731 2.818495 3.575252
1.061013 2.818495 3.575252
0.713731 3.165777 3.575252
1.061013 3.165777 3.575252
1.408295 2.818495 3.575252
1.408295 3.165777 3.575252
2.102859 0.734803 1.144278
2.102859 1.082085 1.144278
2.102859 1.429367 1.144278
2.102859 1.429367 1.491560
2.102859 1.776649 1.491560
2.102859 2.123931 1.491560
-0.675397 3.513059 -1.633977
-0.328115 3.513059 -1.633977
-0.675397 3.513059 -1.286695
-0.328115 3.513059 -1.286695
-0.675397 3.860341 -1.286695
-0.328115 3.860341 -1.286695
-0.675397 3.513059 -0.939413
-0.328115 3.513059 -0.939413
-0.675397 3.513059 -0.592131
-0.328115 3.513059 -0.592131
-0.675397 3.860341 -0.939413
-0.328115 3.860341 -0.939413
-0.675397 3.860341 -0.592131
-0.328115 3.860341 -0.592131
0.019167 3.513059 -0.939413
0.366449 3.513059 -0.939413
0.019167 3.513059 -0.592131
0.019167 3.860341 -0.939413
1.061013 3.513059 -1.633977
0.713731 3.860341 -1.633977
1.061013 3.860341 -1.286695
1.408295 3.513059 -1.633977
1.408295 3.513059 -1.286695
1.061013 3.860341 -0.939413
0.713731 3.860341 -0.592131
1.408295 3.860341 -0.939413
1.408295 3.860341 -0.592131
1.755577 3.860341 -0.592131
0.713731 4.207623 -0.939413
1.061013 4.207623 -0.592131
-0.328115 3.513059 -0.244850
-0.675397 3.513059 0.102432
-0.328115 3.513059 0.102432
-0.675397 3.860341 -0.244850
-0.328115 3.860341 -0.244850
-0.675397 3.860341 0.102432
-0.328115 3.860341 0.102432
0.019167 3.513059 -0.244850
0.019167 3.513059 0.102432
0.366449 3.513059 0.102432
0.019167 3.860341 0.102432
0.366449 3.860341 0.102432
-0.675397 3.513059 0.449714
-0.328115 3.513059 0.449714
-0.675397 3.860341 0.449714
-0.328115 3.860341 0.449714
-0.328115 3.860341 0.796996
0.019167 3.513059 0.449714
0.366449 3.513059 0.449714
0.019167 3.860341 0.449714
0.366449 3.860341 0.449714
0.019167 3.860341 0.796996
0.366449 3.860341 0.796996
0.019167 4.554905 0.102432
0.366449 4.554905 0.102432
0.019167 4.207623 0.796996
0.366449 4.207623 0.796996
0.366449 4.554905 0.449714
1.061013 3.513059 -0.244850
0.713731 3.513059 0.102432
1.061013 3.513059 0.102432
0.713731 3.860341 0.102432
1.061013 3.513059 0.449714
0.713731 3.860341 0.449714
0.713731 3.860341 0.796996
1.061013 3.860341 0.796996
0.713731 4.207623 0.796996
-0.328115 3.513059 1.144278
-0.675397 3.513059 1.491560
-0.328115 3.513059 1.491560
-0.328115 3.860341 1.144278
-0.675397 3.860341 1.491560
-0.328115 3.860341 1.491560
0.192808 3.686700 1.317919
-0.501756 3.686700 2.012483
0.019167 3.513059 1.838842
0.366449 3.513059 1.838842
0.019167 3.513059 2.186124
0.366449 3.513059 2.186124
0.019167 3.860341 1.838842
0.366449 3.860341 1.838842
0.019167 3.860341 2.186124
-0.675397 4.207623 1.491560
-0.328115 4.207623 1.491560
0.019167 4.207623 1.144278
0.366449 4.207623 1.144278
0.019167 4.207623 1.491560
-0.675397 4.207623 1.838842
-0.328115 4.207623 1.838842
-0.675397 4.207623 2.186124
-0.675397 4.554905 1.838842
-0.328115 4.554905 1.838842
0.019167 4.207623 1.838842
0.019167 4.554905 1.838842
0.713731 3.513059 1.144278
1.061013 3.513059 1.144278
0.713731 3.513059 1.491560
1.061013 3.513059 1.491560
0.713731 3.860341 1.144278
0.713731 3.860341 1.491560
0.713731 3.513059 1.838842
1.061013 3.513059 1.838842
0.713731 3.513059 2.186124
1.061013 3.860341 1.838842
-0.675397 3.513059 2.533406
-0.328115 3.513059 2.533406
-0.675397 3.513059 2.880688
-0.675397 3.860341 2.533406
-0.328115 3.860341 2.533406
-0.675397 3.860341 2.880688
-0.328115 3.860341 2.880688
0.019167 3.513059 2.533406
0.366449 3.513059 2.533406
0.019167 3.860341 2.533406
0.366449 3.860341 2.533406
0.019167 3.860341 2.880688
0.366449 3.860341 2.880688
-0.675397 3.513059 3.575252
-0.675397 3.860341 3.227970
-0.675397 3.860341 3.575252
0.019167 3.513059 3.575252
0.366449 3.860341 3.575252
-0.675397 4.207623 2.533406
-0.675397 4.207623 2.880688
-0.328115 4.207623 2.880688
-0.675397 4.554905 2.880688
-0.328115 4.554905 2.880688
0.019167 4.207623 2.880688
0.366449 4.207623 2.880688
0.019167 4.554905 2.880688
0.366449 4.554905 2.880688
-0.328115 4.554905 3.575252
0.366449 4.207623 3.227970
0.019167 4.207623 3.575252
0.366449 4.207623 3.575252
0.019167 4.554905 3.227970
0.366449 4.554905 3.227970
0.019167 4.554905 3.575252
0.366449 4.554905 3.575252
0.713731 3.513059 2.533406
0.713731 3.860341 2.533406
1.061013 3.513059 3.227970
0.713731 3.513059 3.575252
0.713731 3.860341 3.575252
0.713731 4.207623 3.227970
0.713731 4.207623 3.575252
0.713731 4.554905 3.575252
1.061013 4.554905 3.575252
-0.675397 4.902187 2.880688
-0.328115 4.902187 2.880688
0.019167 4.902187 2.880688
-0.328115 4.902187 3.575252
-0.675397 5.249469 3.575252
0.019167 4.902187 3.575252
0.366449 4.902187 3.575252
0.366449 5.596751 3.227970
0.366449 5.596751 3.575252
0.366449 5.944033 3.575252
1.061013 5.249469 3.575252
1.408295 5.249469 3.575252
0.713731 5.596751 3.575252
1.061013 5.596751 3.575252
0.713731 5.944033 3.575252
-2.411807 0.734803 3.922534
-2.759089 1.082085 3.922534
-2.411807 1.082085 3.922534
-2.759089 1.429367 3.922534
-2.411807 1.429367 3.922534
-2.411807 1.776649 3.922534
-1.717243 0.734803 3.922534
-2.064525 1.082085 3.922534
-1.717243 1.082085 3.922534
-1.717243 1.082085 4.269816
-1.196320 0.908444 4.096175
-1.717243 1.082085 4.964380
-1.369961 1.082085 4.617098
-1.022679 1.082085 4.617098
-1.369961 1.082085 4.964380
-1.022679 1.082085 4.964380
-2.064525 1.429367 3.922534
-1.717243 1.429367 3.922534
-2.064525 1.429367 4.269816
-1.717243 1.429367 4.269816
-2.064525 1.776649 3.922534
-1.717243 1.776649 3.922534
-2.064525 1.776649 4.269816
-1.717243 1.776649 4.269816
-1.196320 1.603008 4.096175
-1.717243 1.429367 4.617098
-2.064525 1.429367 4.964380
-1.369961 1.429367 4.617098
-1.022679 1.429367 4.617098
-1.369961 1.429367 4.964380
-1.022679 1.429367 4.964380
-1.369961 1.776649 4.617098
-1.022679 1.776649 4.617098
-1.022679 1.776649 4.964380
-2.411807 1.776649 5.311662
-2.411807 1.776649 5.658944
-1.369961 1.082085 5.311662
-1.022679 1.082085 5.311662
-2.064525 1.429367 5.311662
-1.717243 1.429367 5.311662
-1.717243 1.429367 5.658944
-2.064525 1.776649 5.311662
-2.064525 1.776649 5.658944
-1.717243 1.776649 5.658944
-1.369961 1.429367 5.658944
-1.369961 1.776649 5.658944
-1.022679 1.776649 6.006226
-1.369961 1.776649 6.353508
-1.022679 1.776649 6.353508
-3.106371 2.471213 3.922534
-2.759089 2.123931 3.922534
-2.411807 2.123931 3.922534
-2.759089 2.471213 3.922534
-2.411807 2.471213 3.922534
-2.759089 2.123931 4.617098
-3.106371 2.818495 3.922534
-3.106371 2.818495 4.269816
-2.759089 2.818495 3.922534
-2.411807 2.818495 3.922534
-2.411807 2.818495 4.269816
-2.759089 3.165777 3.922534
-2.411807 3.165777 3.922534
-2.411807 3.165777 4.269816
-3.106371 3.165777 4.964380
-1.890884 2.297572 4.096175
-1.196320 2.297572 4.096175
-2.064525 2.123931 4.617098
-1.717243 2.123931 4.617098
-2.064525 2.123931 4.964380
-1.717243 2.123931 4.964380
-2.064525 2.471213 4.617098
-1.717243 2.471213 4.617098
-2.064525 2.471213 4.964380
-1.717243 2.471213 4.964380
-1.196320 2.297572 4.790739
-1.890884 2.992136 4.096175
-1.196320 2.992136 4.096175
-2.064525 2.818495 4.617098
-1.717243 2.818495 4.617098
-2.064525 2.818495 4.964380
-1.717243 2.818495 4.964380
-1.196320 2.992136 4.790739
-2.759089 2.123931 5.311662
-2.411807 2.123931 5.311662
-2.759089 2.123931 5.658944
-2.411807 2.123931 5.658944
-2.759089 2.471213 5.311662
-2.411807 2.471213 5.311662
-2.759089 2.471213 5.658944
-2.411807 2.471213 5.658944
-2.411807 2.471213 6.006226
-2.411807 2.471213 6.353508
-3.106371 2.818495 5.311662
-3.106371 2.818495 5.658944
-3.106371 3.165777 5.311662
-3.106371 3.165777 5.658944
-2.759089 2.818495 5.311662
-2.411807 2.818495 5.311662
-2.759089 2.818495 5.658944
-2.411807 2.818495 5.658944
-2.759089 3.165777 5.311662
-2.411807 3.165777 5.311662
-2.759089 3.165777 5.658944
-2.411807 3.165777 5.658944
-3.106371 2.818495 6.006226
-3.106371 3.165777 6.006226
-2.585448 2.992136 6.179867
-1.890884 2.297572 5.485303
-1.369961 2.123931 5.311662
-1.022679 2.123931 5.311662
-1.369961 2.123931 5.658944
-1.022679 2.123931 5.658944
-1.369961 2.471213 5.311662
-1.022679 2.471213 5.311662
-1.369961 2.471213 5.658944
-1.022679 2.471213 5.658944
-2.064525 2.123931 6.006226
-1.717243 2.123931 6.006226
-1.717243 2.123931 6.353508
-2.064525 2.471213 6.006226
-1.717243 2.471213 6.006226
-2.064525 2.471213 6.353508
-1.717243 2.471213 6.353508
-1.196320 2.297572 6.179867
-1.890884 2.992136 5.485303
-1.196320 2.992136 5.485303
-1.890884 2.992136 6.179867
-1.196320 2.992136 6.179867
-1.717243 1.776649 6.700790
-1.717243 1.776649 7.048072
-1.022679 1.429367 6.700790
-1.022679 1.429367 7.048072
-1.369961 1.776649 6.700790
-1.022679 1.776649 6.700790
-1.369961 1.776649 7.048072
-1.022679 1.776649 7.048072
-1.022679 1.776649 8.089918
-1.022679 1.776649 8.437200
-1.369961 1.776649 8.784482
-1.022679 1.776649 8.784482
-2.411807 2.123931 6.700790
-2.759089 2.471213 6.700790
-2.411807 2.471213 6.700790
-2.411807 2.818495 6.700790
-2.411807 3.165777 6.700790
-2.411807 3.165777 7.048072
-2.411807 3.165777 7.742636
-2.064525 2.123931 6.700790
-1.717243 2.123931 6.700790
-2.064525 2.123931 7.048072
-1.717243 2.123931 7.048072
-2.064525 2.471213 6.700790
-1.717243 2.471213 6.700790
-2.064525 2.471213 7.048072
-1.717243 2.471213 7.048072
-1.196320 2.297572 6.874431
-1.717243 2.471213 7.395354
-2.064525 2.471213 7.742636
-1.717243 2.471213 7.742636
-1.369961 2.123931 7.395354
-1.022679 2.123931 7.395354
-1.369961 2.123931 7.742636
-1.022679 2.123931 7.742636
-1.369961 2.471213 7.395354
-1.022679 2.471213 7.395354
-1.369961 2.471213 7.742636
-1.022679 2.471213 7.742636
-1.890884 2.992136 6.874431
-1.196320 2.992136 6.874431
-2.064525 2.818495 7.395354
-1.717243 2.818495 7.395354
-1.717243 2.818495 7.742636
-2.064525 3.165777 7.395354
-1.717243 3.165777 7.395354
-1.717243 3.165777 7.742636
-1.196320 2.992136 7.568995
-2.064525 2.471213 8.089918
-1.717243 2.471213 8.089918
-1.717243 2.471213 8.437200
-1.022679 2.123931 8.089918
-1.022679 2.123931 8.437200
-1.369961 2.471213 8.089918
-1.022679 2.471213 8.089918
-1.717243 2.123931 9.131764
-1.717243 2.818495 8.089918
-2.064525 2.818495 8.437200
-1.717243 2.818495 8.437200
-1.717243 3.165777 8.089918
-2.064525 3.165777 8.437200
-1.717243 3.165777 8.437200
-1.196320 2.992136 8.263559
-1.717243 2.818495 8.784482
-2.064525 3.165777 8.784482
-1.717243 3.165777 8.784482
-1.717243 3.165777 9.131764
-1.022679 2.818495 9.131764
-1.369961 3.165777 8.784482
-1.022679 3.165777 8.784482
-2.411807 3.513059 3.922534
-2.759089 3.513059 4.269816
-2.411807 3.513059 4.269816
-2.411807 3.860341 3.922534
-2.759089 3.513059 4.617098
-2.411807 3.513059 4.617098
-3.106371 4.207623 4.964380
-3.106371 4.554905 4.964380
-1.890884 3.686700 4.096175
-1.196320 3.686700 4.096175
-2.064525 3.860341 4.617098
-1.717243 3.860341 4.617098
-1.369961 3.860341 4.617098
-1.717243 4.207623 3.922534
-2.064525 4.554905 3.922534
-1.717243 4.554905 3.922534
-1.369961 4.207623 3.922534
-1.022679 4.207623 3.922534
-1.369961 4.207623 4.269816
-1.022679 4.207623 4.269816
-1.369961 4.554905 3.922534
-1.022679 4.554905 3.922534
-2.064525 4.207623 4.617098
-1.717243 4.207623 4.617098
-2.064525 4.207623 4.964380
-1.717243 4.207623 4.964380
-2.064525 4.554905 4.964380
-1.717243 4.554905 4.964380
-1.369961 4.207623 4.617098
-1.022679 4.207623 4.617098
-1.369961 4.207623 4.964380
-1.022679 4.207623 4.964380
-1.369961 4.554905 4.617098
-1.022679 4.554905 4.617098
-1.369961 4.554905 4.964380
-1.022679 4.554905 4.964380
-3.106371 3.513059 5.311662
-3.106371 3.513059 5.658944
-3.106371 3.860341 5.311662
-3.106371 3.860341 5.658944
-2.759089 3.513059 5.311662
-2.411807 3.513059 5.311662
-2.759089 3.513059 5.658944
-2.411807 3.513059 5.658944
-2.759089 3.860341 5.311662
-2.411807 3.860341 5.311662
-2.759089 3.860341 5.658944
-2.411807 3.860341 5.658944
-3.106371 3.513059 6.006226
-3.453653 3.860341 6.006226
-3.106371 3.860341 6.006226
-2.585448 3.686700 6.179867
-3.106371 4.207623 5.311662
-3.106371 4.207623 5.658944
-3.106371 4.554905 5.311662
-2.585448 4.381264 5.485303
-3.453653 4.207623 6.006226
-3.106371 4.207623 6.006226
-3.453653 4.207623 6.353508
-2.759089 4.207623 6.006226
-2.411807 4.207623 6.006226
-2.411807 4.207623 6.353508
-2.759089 4.554905 6.006226
-2.411807 4.554905 6.006226
-2.064525 3.513059 5.311662
-2.064525 3.513059 5.658944
-1.717243 3.513059 5.658944
-2.064525 3.860341 5.658944
-1.022679 3.513059 5.311662
-1.022679 3.860341 5.311662
-1.890884 3.686700 6.179867
-1.369961 3.513059 6.006226
-1.369961 3.513059 6.353508
-1.022679 3.513059 6.353508
-1.369961 3.860341 6.006226
-1.369961 3.860341 6.353508
-2.064525 4.207623 5.311662
-1.717243 4.207623 5.311662
-2.064525 4.207623 5.658944
-1.717243 4.207623 5.658944
-2.064525 4.554905 5.311662
-1.717243 4.554905 5.311662
-2.064525 4.554905 5.658944
-1.717243 4.554905 5.658944
-1.196320 4.381264 5.485303
-2.064525 4.207623 6.006226
-1.717243 4.207623 6.006226
-2.064525 4.554905 6.006226
-1.717243 4.554905 6.006226
-1.369961 4.207623 6.006226
-1.022679 4.207623 6.006226
-1.369961 4.554905 6.006226
-1.022679 4.554905 6.006226
-1.369961 4.554905 6.353508
-1.022679 4.554905 6.353508
-2.759089 4.902187 4.269816
-2.411807 5.249469 4.269816
-3.106371 4.902187 4.964380
-2.759089 4.902187 4.617098
-3.106371 5.596751 4.964380
-2.759089 5.596751 4.964380
-2.064525 4.902187 3.922534
-1.717243 4.902187 3.922534
-2.064525 5.249469 3.922534
-1.717243 5.249469 3.922534
-1.369961 4.902187 3.922534
-1.022679 4.902187 3.922534
-1.369961 5.249469 3.922534
-1.022679 5.249469 3.922534
-2.064525 4.902187 4.964380
-1.717243 4.902187 4.964380
-2.064525 5.249469 4.617098
-2.064525 5.249469 4.964380
-1.717243 5.249469 4.964380
-1.369961 4.902187 4.964380
-1.022679 4.902187 4.964380
-1.022679 5.249469 4.617098
-1.369961 5.249469 4.964380
-1.022679 5.249469 4.964380
-1.717243 5.596751 4.269816
-1.369961 5.596751 3.922534
-1.022679 5.596751 3.922534
-2.064525 5.596751 4.964380
-2.064525 5.944033 4.964380
-1.369961 5.596751 4.617098
-1.022679 5.596751 4.617098
-1.369961 5.596751 4.964380
-1.022679 5.596751 4.964380
-1.369961 5.944033 4.617098
-1.022679 5.944033 4.617098
-1.369961 5.944033 4.964380
-1.022679 5.944033 4.964380
-3.106371 4.902187 5.311662
-3.106371 5.249469 5.311662
-3.106371 5.249469 5.658944
-2.585448 5.075828 5.485303
-2.411807 4.902187 6.006226
-2.411807 5.249469 6.006226
-2.759089 5.596751 5.311662
-2.411807 5.596751 5.311662
-2.411807 5.596751 5.658944
-1.890884 5.075828 5.485303
-1.196320 5.075828 5.485303
-2.064525 4.902187 6.006226
-1.717243 4.902187 6.006226
-2.064525 4.902187 6.353508
-1.717243 4.902187 6.353508
-2.064525 5.249469 6.006226
-1.717243 5.249469 6.006226
-1.717243 5.249469 6.353508
-1.369961 4.902187 6.006226
-1.022679 4.902187 6.006226
-1.369961 4.902187 6.353508
-1.022679 4.902187 6.353508
-1.369961 5.249469 6.006226
-1.022679 5.249469 6.006226
-1.369961 5.249469 6.353508
-1.022679 5.249469 6.353508
-2.064525 5.596751 5.311662
-2.064525 5.596751 5.658944
-1.717243 5.596751 5.658944
-2.064525 5.944033 5.311662
-1.022679 5.596751 5.311662
-1.022679 5.944033 5.311662
-1.022679 5.944033 5.658944
-2.064525 5.596751 6.006226
-1.717243 5.596751 6.006226
-1.717243 5.596751 6.353508
-1.369961 5.596751 6.353508
-1.022679 5.944033 6.006226
-2.759089 3.513059 6.700790
-2.411807 3.513059 6.700790
-2.411807 3.513059 7.048072
-2.759089 3.860341 6.700790
-2.411807 3.860341 6.700790
-2.411807 3.860341 7.048072
-2.411807 3.513059 7.395354
-2.411807 3.513059 7.742636
-2.411807 3.860341 7.395354
-2.411807 3.860341 7.742636
-2.411807 4.207623 6.700790
-2.411807 4.207623 7.048072
-2.411807 4.554905 6.700790
-2.411807 4.207623 7.395354
-2.411807 4.207623 7.742636
-2.411807 4.554905 7.395354
-1.890884 3.686700 6.874431
-1.196320 3.686700 6.874431
-2.064525 3.513059 7.395354
-1.717243 3.513059 7.395354
-1.717243 3.513059 7.742636
-2.064525 3.860341 7.395354
-1.717243 3.860341 7.395354
-2.064525 3.860341 7.742636
-1.196320 3.686700 7.568995
-2.064525 4.207623 6.700790
-1.717243 4.207623 6.700790
-2.064525 4.207623 7.048072
-1.717243 4.207623 7.048072
-2.064525 4.554905 6.700790
-1.717243 4.554905 6.700790
-2.064525 4.554905 7.048072
-1.717243 4.554905 7.048072
-1.369961 4.207623 7.048072
-1.022679 4.207623 7.048072
-1.369961 4.554905 6.700790
-1.022679 4.554905 6.700790
-1.369961 4.554905 7.048072
-1.022679 4.554905 7.048072
-2.064525 4.207623 7.395354
-1.717243 4.207623 7.395354
-2.064525 4.207623 7.742636
-2.064525 4.554905 7.395354
-1.717243 4.554905 7.395354
-2.064525 4.554905 7.742636
-1.369961 4.207623 7.395354
-1.022679 4.207623 7.395354
-1.022679 4.207623 7.742636
-1.369961 4.554905 7.395354
-1.022679 4.554905 7.395354
-1.022679 4.554905 7.742636
-2.411807 3.513059 8.089918
-2.411807 3.860341 8.089918
-2.064525 3.513059 8.437200
-1.717243 3.513059 8.437200
-2.064525 3.860341 8.437200
-1.717243 3.860341 8.437200
-1.369961 3.513059 8.089918
-1.022679 3.513059 8.089918
-1.369961 3.513059 8.437200
-1.369961 3.860341 8.437200
-2.064525 3.513059 8.784482
-1.717243 3.513059 8.784482
-2.064525 3.513059 9.131764
-1.717243 3.513059 9.131764
-2.064525 3.860341 8.784482
-1.717243 3.860341 8.784482
-2.064525 3.860341 9.131764
-1.369961 3.513059 8.784482
-1.022679 3.513059 8.784482
-1.369961 3.513059 9.131764
-2.064525 4.207623 8.437200
-1.022679 4.554905 8.089918
-2.411807 4.902187 7.395354
-2.064525 4.902187 6.700790
-1.717243 4.902187 6.700790
-2.064525 4.902187 7.048072
-1.717243 4.902187 7.048072
-1.717243 5.249469 6.700790
-1.717243 5.249469 7.048072
-1.196320 5.075828 6.874431
-1.717243 5.249469 7.395354
-1.369961 4.902187 7.395354
-1.022679 4.902187 7.395354
-1.369961 4.902187 7.742636
-1.022679 4.902187 7.742636
-1.369961 5.249469 7.395354
-1.369961 5.249469 7.742636
-1.022679 5.249469 7.742636
-1.369961 5.596751 6.700790
-1.369961 5.596751 7.048072
-1.022679 5.596751 7.048072
-1.022679 5.944033 6.700790
-1.022679 1.776649 9.479046
-1.022679 1.776649 9.826328
-1.022679 1.776649 10.173610
-1.369961 2.123931 9.826328
-1.022679 2.123931 9.826328
-1.022679 2.471213 9.479046
-1.369961 2.471213 9.826328
-1.022679 2.471213 9.826328
-1.369961 2.123931 10.173610
-1.022679 2.123931 10.173610
-1.022679 2.123931 10.520892
-1.369961 2.471213 10.173610
-1.022679 2.471213 10.173610
-1.369961 2.471213 10.520892
-1.022679 2.471213 10.520892
-1.717243 2.818495 9.826328
-2.064525 3.165777 9.479046
-1.717243 3.165777 9.479046
-1.717243 3.165777 9.826328
-1.369961 2.818495 9.479046
-1.022679 2.818495 9.479046
-1.369961 2.818495 9.826328
-1.022679 2.818495 9.826328
-1.369961 3.165777 9.479046
-1.022679 3.165777 9.479046
-1.369961 3.165777 9.826328
-1.717243 2.818495 10.173610
-1.717243 2.818495 10.520892
-2.064525 3.165777 10.173610
-1.717243 3.165777 10.173610
-1.717243 3.165777 10.520892
-1.369961 2.818495 10.173610
-1.022679 2.818495 10.173610
-1.369961 2.818495 10.520892
-1.022679 2.818495 10.520892
-1.369961 3.165777 10.173610
-1.369961 3.165777 10.520892
-1.369961 2.123931 10.868174
-1.022679 2.123931 10.868174
-1.369961 2.123931 11.215456
-1.022679 2.123931 11.215456
-1.369961 2.471213 10.868174
-1.022679 2.471213 10.868174
-1.022679 2.471213 11.215456
-2.064525 3.165777 10.868174
-1.717243 3.165777 10.868174
-1.717243 3.165777 11.215456
-1.369961 2.818495 10.868174
-1.022679 2.818495 10.868174
-1.369961 3.165777 10.868174
-1.717243 3.165777 11.562738
-1.369961 3.165777 11.562738
-2.411807 3.513059 10.173610
-2.411807 3.513059 10.520892
-2.411807 3.860341 10.173610
-2.411807 3.860341 10.520892
-2.064525 3.513059 9.479046
-1.717243 3.513059 9.479046
-2.064525 3.513059 9.826328
-1.717243 3.513059 9.826328
-2.064525 3.513059 10.173610
-1.717243 3.513059 10.173610
-2.064525 3.513059 10.520892
-1.717243 3.513059 10.520892
-2.411807 3.860341 10.868174
-2.064525 3.513059 10.868174
-1.717243 3.513059 11.215456
-2.064525 3.860341 10.868174
-2.064525 3.513059 11.562738
-1.717243 3.513059 11.562738
-1.717243 6.291315 4.617098
-1.369961 6.291315 4.617098
-1.022679 6.291315 4.964380
-0.501756 0.908444 4.096175
0.019167 0.734803 3.922534
0.019167 1.082085 3.922534
0.366449 1.082085 3.922534
0.019167 1.082085 4.269816
-0.328115 0.734803 4.964380
-0.675397 1.082085 4.617098
-0.328115 1.082085 4.617098
-0.675397 1.082085 4.964380
-0.328115 1.082085 4.964380
0.019167 1.082085 4.617098
0.019167 1.082085 4.964380
-0.501756 1.603008 4.096175
0.366449 1.429367 3.922534
0.019167 1.429367 4.269816
0.366449 1.429367 4.269816
0.019167 1.776649 3.922534
0.366449 1.776649 3.922534
0.019167 1.776649 4.269816
0.366449 1.776649 4.269816
-0.501756 1.603008 4.790739
0.192808 1.603008 4.790739
0.713731 1.429367 3.922534
0.713731 1.429367 4.269816
0.713731 1.776649 3.922534
1.061013 1.776649 3.922534
0.713731 1.776649 4.269816
1.061013 1.776649 4.269816
0.713731 1.429367 4.617098
0.713731 1.776649 4.617098
-0.675397 0.734803 5.311662
-0.675397 1.082085 5.311662
-0.328115 1.082085 5.311662
0.019167 1.082085 5.311662
-0.675397 1.429367 5.311662
-0.328115 1.429367 5.311662
-0.328115 1.429367 5.658944
-0.675397 1.776649 5.311662
-0.328115 1.776649 5.311662
-0.328115 1.776649 5.658944
0.019167 1.429367 5.311662
0.366449 1.429367 5.311662
0.019167 1.429367 5.658944
0.019167 1.776649 5.311662
0.366449 1.776649 5.311662
0.019167 1.776649 5.658944
0.366449 1.776649 5.658944
-0.675397 1.429367 6.353508
-0.675397 1.776649 6.353508
1.061013 1.776649 6.006226
0.713731 1.776649 6.353508
-0.501756 2.297572 4.096175
0.192808 2.297572 4.096175
-0.501756 2.297572 4.790739
0.192808 2.297572 4.790739
-0.501756 2.992136 4.096175
0.192808 2.992136 4.096175
-0.501756 2.992136 4.790739
0.192808 2.992136 4.790739
0.887372 2.297572 4.096175
1.408295 2.471213 3.922534
0.713731 2.123931 4.617098
0.713731 2.123931 4.964380
0.713731 2.471213 4.617098
0.713731 2.471213 4.964380
0.713731 2.818495 3.922534
1.061013 2.818495 3.922534
0.713731 2.818495 4.269816
0.713731 3.165777 3.922534
0.713731 3.165777 4.269816
1.061013 3.165777 4.269816
0.713731 2.818495 4.617098
1.061013 2.818495 4.617098
0.713731 2.818495 4.964380
1.061013 2.818495 4.964380
0.713731 3.165777 4.617098
1.061013 3.165777 4.617098
0.713731 3.165777 4.964380
1.061013 3.165777 4.964380
-0.501756 2.297572 5.485303
0.192808 2.297572 5.485303
-0.501756 2.297572 6.179867
0.192808 2.297572 6.179867
-0.501756 2.992136 5.485303
0.192808 2.992136 5.485303
-0.675397 2.818495 6.006226
-0.328115 2.818495 6.006226
-0.675397 2.818495 6.353508
-0.328115 2.818495 6.353508
-0.675397 3.165777 6.006226
-0.328115 3.165777 6.006226
-0.675397 3.165777 6.353508
-0.328115 3.165777 6.353508
0.019167 2.818495 6.006226
0.366449 2.818495 6.006226
0.019167 2.818495 6.353508
0.366449 2.818495 6.353508
0.019167 3.165777 6.006226
0.366449 3.165777 6.006226
0.019167 3.165777 6.353508
0.366449 3.165777 6.353508
0.713731 2.123931 5.311662
0.713731 2.123931 5.658944
1.061013 2.123931 5.658944
0.713731 2.471213 5.311662
1.061013 2.471213 5.311662
0.713731 2.471213 5.658944
1.061013 2.471213 5.658944
1.408295 2.471213 5.658944
0.713731 2.123931 6.006226
1.061013 2.123931 6.006226
0.713731 2.123931 6.353508
1.061013 2.123931 6.353508
0.713731 2.471213 6.006226
1.061013 2.471213 6.006226
1.061013 2.471213 6.353508
0.887372 2.992136 5.485303
1.408295 2.818495 5.658944
1.408295 3.165777 5.311662
1.408295 3.165777 5.658944
0.713731 2.818495 6.006226
1.061013 2.818495 6.006226
1.061013 3.165777 6.006226
1.408295 3.165777 6.006226
-0.675397 1.429367 7.048072
-0.675397 1.776649 6.700790
-0.328115 1.776649 6.700790
-0.675397 1.776649 7.048072
-0.328115 1.776649 7.048072
-0.328115 1.776649 7.742636
0.019167 1.776649 7.395354
-0.675397 1.776649 8.089918
-0.328115 1.776649 8.089918
-0.675397 1.776649 8.437200
-0.675397 1.776649 8.784482
-0.501756 2.297572 6.874431
0.019167 2.123931 6.700790
0.366449 2.123931 6.700790
0.019167 2.123931 7.048072
0.366449 2.123931 7.048072
0.019167 2.471213 6.700790
0.366449 2.471213 6.700790
0.019167 2.471213 7.048072
0.366449 2.471213 7.048072
-0.501756 2.297572 7.568995
0.019167 2.123931 7.395354
0.366449 2.123931 7.395354
0.019167 2.471213 7.395354
0.366449 2.471213 7.395354
0.019167 2.471213 7.742636
-0.501756 2.992136 6.874431
0.019167 2.818495 6.700790
0.366449 2.818495 6.700790
0.019167 2.818495 7.048072
0.366449 2.818495 7.048072
0.019167 3.165777 6.700790
0.366449 3.165777 6.700790
0.019167 3.165777 7.048072
0.366449 3.165777 7.048072
-0.501756 2.992136 7.568995
0.019167 2.818495 7.395354
0.366449 2.818495 7.395354
0.019167 2.818495 7.742636
0.019167 3.165777 7.395354
0.366449 3.165777 7.395354
0.019167 3.165777 7.742636
0.713731 2.818495 7.048072
0.713731 2.818495 7.395354
-0.675397 2.123931 8.089918
-0.328115 2.123931 8.089918
-0.675397 2.123931 8.437200
-0.675397 2.471213 8.089918
-0.328115 2.471213 8.089918
-0.328115 2.123931 9.131764
-0.675397 2.471213 9.131764
-0.328115 2.471213 9.131764
0.019167 2.123931 9.131764
-0.501756 2.992136 8.263559
0.019167 2.818495 8.089918
0.019167 3.165777 8.089918
-0.675397 2.818495 8.784482
-0.328115 2.818495 8.784482
-0.675397 2.818495 9.131764
-0.675397 3.165777 9.131764
-0.501756 3.686700 4.096175
0.192808 3.686700 4.096175
-0.675397 3.513059 4.617098
-0.328115 3.513059 4.617098
-0.675397 3.513059 4.964380
-0.328115 3.513059 4.964380
-0.328115 3.860341 4.617098
0.019167 3.513059 4.617098
0.366449 3.513059 4.617098
0.019167 3.513059 4.964380
0.366449 3.513059 4.964380
0.019167 3.860341 4.617098
0.366449 3.860341 4.617098
0.019167 3.860341 4.964380
0.366449 3.860341 4.964380
-0.675397 4.207623 3.922534
-0.328115 4.207623 3.922534
-0.675397 4.207623 4.269816
-0.328115 4.207623 4.269816
-0.675397 4.554905 3.922534
-0.328115 4.554905 3.922534
-0.675397 4.554905 4.269816
-0.328115 4.554905 4.269816
0.192808 4.381264 4.096175
-0.675397 4.207623 4.617098
-0.328115 4.207623 4.617098
-0.675397 4.207623 4.964380
-0.675397 4.554905 4.617098
-0.328115 4.554905 4.617098
-0.675397 4.554905 4.964380
-0.328115 4.554905 4.964380
0.019167 4.207623 4.617098
0.366449 4.207623 4.617098
0.019167 4.554905 4.617098
0.366449 4.554905 4.617098
0.019167 4.554905 4.964380
0.713731 3.513059 3.922534
0.713731 3.513059 4.269816
1.061013 3.513059 4.269816
0.713731 3.860341 3.922534
1.061013 3.860341 3.922534
0.713731 3.860341 4.269816
1.061013 3.860341 4.269816
1.755577 3.513059 4.269816
1.408295 3.860341 4.269816
1.755577 3.860341 4.269816
0.887372 3.686700 4.790739
1.755577 3.860341 4.964380
0.887372 4.381264 4.096175
1.408295 4.207623 4.269816
1.408295 4.554905 3.922534
1.408295 4.554905 4.269816
0.713731 4.207623 4.617098
1.061013 4.207623 4.617098
1.061013 4.207623 4.964380
0.713731 4.554905 4.617098
1.061013 4.554905 4.617098
-0.675397 3.513059 5.311662
-0.328115 3.513059 5.311662
-0.675397 3.513059 5.658944
-0.328115 3.513059 5.658944
-0.675397 3.860341 5.311662
-0.328115 3.860341 5.311662
-0.675397 3.860341 5.658944
-0.328115 3.860341 5.658944
0.019167 3.513059 5.311662
0.366449 3.513059 5.311662
0.019167 3.513059 5.658944
0.366449 3.513059 5.658944
0.019167 3.860341 5.311662
0.366449 3.860341 5.311662
0.019167 3.860341 5.658944
-0.328115 3.860341 6.006226
0.019167 3.513059 6.006226
0.019167 3.860341 6.006226
0.366449 3.860341 6.006226
0.366449 3.860341 6.353508
-0.501756 4.381264 5.485303
0.019167 4.207623 5.658944
0.019167 4.554905 5.311662
0.019167 4.554905 5.658944
0.366449 4.554905 5.658944
-0.675397 4.207623 6.006226
-0.328115 4.207623 6.006226
-0.328115 4.207623 6.353508
-0.675397 4.554905 6.006226
-0.328115 4.554905 6.006226
-0.675397 4.554905 6.353508
-0.328115 4.554905 6.353508
0.192808 4.381264 6.179867
0.713731 3.513059 5.311662
1.061013 3.513059 5.311662
1.061013 3.513059 5.658944
0.713731 3.860341 5.311662
1.061013 3.860341 5.311662
1.061013 3.860341 5.658944
1.408295 3.513059 5.311662
1.408295 3.513059 5.658944
1.408295 3.860341 5.311662
1.061013 3.513059 6.006226
1.061013 3.860341 6.006226
0.713731 3.860341 6.353508
1.061013 3.860341 6.353508
1.408295 3.860341 6.353508
1.061013 4.207623 5.311662
1.061013 4.207623 5.658944
1.061013 4.554905 5.658944
1.408295 4.207623 5.311662
0.887372 4.381264 6.179867
1.408295 4.207623 6.353508
1.408295 4.554905 6.006226
-0.675397 4.902187 3.922534
-0.328115 4.902187 3.922534
-0.675397 5.249469 3.922534
-0.328115 5.249469 3.922534
0.019167 4.902187 3.922534
0.366449 4.902187 3.922534
0.019167 4.902187 4.269816
0.366449 4.902187 4.269816
0.019167 5.249469 3.922534
0.366449 5.249469 3.922534
-0.675397 4.902187 4.964380
-0.328115 4.902187 4.964380
-0.675397 5.249469 4.964380
-0.328115 5.249469 4.964380
0.019167 4.902187 4.617098
0.366449 4.902187 4.617098
0.019167 4.902187 4.964380
0.019167 5.249469 4.964380
-0.675397 5.596751 3.922534
-0.328115 5.596751 3.922534
-0.328115 5.596751 4.269816
0.019167 5.596751 3.922534
0.366449 5.596751 3.922534
0.019167 5.596751 4.269816
0.019167 5.944033 3.922534
0.366449 5.944033 3.922534
0.019167 5.944033 4.269816
-0.675397 5.596751 4.617098
-0.675397 5.596751 4.964380
-0.328115 5.596751 4.964380
-0.675397 5.944033 4.617098
-0.328115 5.944033 4.617098
-0.675397 5.944033 4.964380
-0.328115 5.944033 4.964380
0.019167 5.596751 4.964380
0.366449 5.596751 4.964380
0.019167 5.944033 4.617098
0.019167 5.944033 4.964380
0.366449 5.944033 4.964380
0.887372 5.075828 4.096175
1.408295 4.902187 3.922534
1.408295 4.902187 4.269816
1.755577 4.902187 4.269816
1.408295 5.249469 3.922534
1.408295 5.249469 4.269816
0.713731 4.902187 4.617098
1.061013 4.902187 4.617098
1.061013 5.249469 4.617098
1.061013 5.249469 4.964380
0.713731 5.596751 3.922534
1.061013 5.596751 3.922534
0.713731 5.944033 3.922534
1.061013 5.944033 3.922534
1.061013 5.944033 4.269816
1.408295 5.596751 3.922534
1.408295 5.596751 4.269816
1.408295 5.944033 3.922534
-0.501756 5.075828 5.485303
0.019167 4.902187 5.311662
0.019167 4.902187 5.658944
0.366449 4.902187 5.658944
0.019167 5.249469 5.311662
0.366449 5.249469 5.311662
0.019167 5.249469 5.658944
0.366449 5.249469 5.658944
-0.501756 5.075828 6.179867
0.192808 5.075828 6.179867
-0.501756 5.770392 5.485303
0.019167 5.596751 5.311662
0.366449 5.596751 5.311662
0.019167 5.596751 5.658944
0.366449 5.596751 5.658944
0.019167 5.944033 5.311662
0.366449 5.944033 5.311662
0.019167 5.944033 5.658944
0.366449 5.944033 5.658944
-0.675397 5.596751 6.006226
-0.328115 5.596751 6.006226
-0.328115 5.596751 6.353508
-0.675397 5.944033 6.006226
-0.328115 5.944033 6.006226
-0.328115 5.944033 6.353508
0.019167 5.596751 6.006226
0.366449 5.596751 6.006226
0.019167 5.596751 6.353508
0.366449 5.596751 6.353508
0.019167 5.944033 6.006226
0.366449 5.944033 6.006226
0.019167 5.944033 6.353508
0.366449 5.944033 6.353508
0.713731 4.902187 5.658944
1.061013 4.902187 5.658944
0.713731 5.249469 5.311662
1.061013 5.249469 5.311662
0.713731 5.249469 5.658944
1.061013 5.249469 5.658944
1.408295 5.249469 5.658944
0.887372 5.075828 6.179867
1.408295 4.902187 6.006226
0.713731 5.596751 5.311662
0.713731 5.596751 5.658944
1.061013 5.596751 5.658944
1.408295 5.596751 5.658944
0.713731 5.596751 6.006226
0.713731 5.596751 6.353508
0.713731 5.944033 6.353508
1.061013 5.944033 6.353508
-0.675397 3.513059 6.700790
-0.675397 3.513059 7.048072
-0.328115 3.513059 7.048072
-0.675397 3.860341 7.048072
-0.328115 3.860341 7.048072
0.019167 3.513059 7.048072
0.366449 3.860341 6.700790
0.019167 3.860341 7.048072
0.366449 3.860341 7.048072
-0.501756 3.686700 7.568995
0.019167 3.513059 7.395354
0.366449 3.513059 7.395354
0.019167 3.513059 7.742636
0.019167 3.860341 7.395354
0.366449 3.860341 7.395354
0.019167 3.860341 7.742636
0.366449 3.860341 7.742636
-0.501756 4.381264 6.874431
0.192808 4.381264 6.874431
-0.501756 4.381264 7.568995
0.019167 4.207623 7.395354
0.366449 4.207623 7.395354
0.019167 4.207623 7.742636
0.366449 4.207623 7.742636
0.019167 4.554905 7.395354
0.366449 4.554905 7.395354
0.366449 4.554905 7.742636
0.713731 3.860341 6.700790
0.713731 4.207623 6.700790
0.713731 4.207623 7.048072
0.713731 4.554905 6.700790
1.061013 4.554905 6.700790
0.713731 4.554905 7.048072
1.061013 4.554905 7.048072
0.713731 4.207623 7.395354
0.713731 4.554905 7.395354
1.061013 4.554905 7.395354
-0.675397 3.513059 8.089918
-0.328115 3.513059 8.437200
-0.675397 4.554905 8.089918
-0.675397 4.902187 6.700790
-0.328115 4.902187 6.700790
-0.675397 4.902187 7.048072
-0.328115 4.902187 7.048072
-0.328115 5.249469 6.700790
-0.328115 5.249469 7.048072
0.192808 5.075828 6.874431
-0.675397 4.902187 7.395354
-0.328115 4.902187 7.395354
-0.675397 4.902187 7.742636
-0.328115 4.902187 7.742636
0.019167 4.902187 7.395354
0.366449 4.902187 7.395354
-0.328115 5.596751 6.700790
-0.675397 5.944033 6.700790
-0.328115 5.944033 6.700790
0.019167 5.596751 6.700790
0.366449 5.596751 6.700790
0.019167 5.944033 6.700790
0.366449 5.944033 6.700790
0.366449 5.596751 7.395354
0.713731 4.902187 6.700790
1.061013 4.902187 6.700790
0.713731 4.902187 7.048072
1.061013 4.902187 7.048072
0.713731 5.249469 6.700790
0.713731 4.902187 7.395354
1.061013 5.596751 6.700790
0.713731 5.944033 6.700790
0.019167 1.082085 9.826328
0.019167 1.082085 10.173610
-0.675397 1.429367 9.479046
-0.328115 1.429367 9.826328
-0.675397 1.776649 9.826328
-0.328115 1.776649 9.826328
0.019167 1.429367 9.826328
0.019167 1.776649 9.826328
-0.675397 1.429367 10.173610
-0.328115 1.429367 10.173610
-0.328115 1.429367 10.520892
-0.675397 1.776649 10.173610
-0.328115 1.776649 10.173610
-0.675397 1.776649 10.520892
-0.328115 1.776649 10.520892
0.019167 1.429367 10.173610
0.019167 1.776649 10.173610
0.366449 1.082085 10.868174
0.019167 1.082085 11.215456
0.366449 1.082085 11.215456
0.366449 0.734803 11.562738
0.366449 0.734803 11.910020
0.366449 1.082085 11.562738
-0.328115 1.429367 10.868174
-0.675397 1.776649 10.868174
-0.328115 1.776649 10.868174
-0.675397 1.776649 11.215456
-0.328115 1.776649 11.215456
0.019167 1.429367 11.215456
0.019167 1.776649 11.215456
-0.328115 1.776649 11.562738
-0.328115 1.776649 11.910020
-0.328115 2.123931 9.479046
-0.675397 2.123931 9.826328
-0.328115 2.123931 9.826328
-0.675397 2.471213 9.479046
-0.328115 2.471213 9.479046
-0.675397 2.471213 9.826328
-0.328115 2.471213 9.826328
0.019167 2.123931 9.479046
0.019167 2.123931 9.826328
-0.675397 2.123931 10.173610
-0.328115 2.123931 10.173610
-0.675397 2.123931 10.520892
-0.328115 2.123931 10.520892
-0.675397 2.471213 10.173610
-0.328115 2.471213 10.173610
-0.675397 2.471213 10.520892
-0.328115 2.471213 10.520892
0.019167 2.123931 10.173610
-0.675397 2.818495 9.479046
-0.675397 2.818495 9.826328
-0.675397 2.818495 10.173610
-0.675397 2.818495 10.520892
-0.675397 2.123931 10.868174
-0.328115 2.123931 10.868174
-0.675397 2.123931 11.215456
-0.675397 2.471213 10.868174
-0.675397 2.471213 11.215456
-0.675397 2.123931 11.562738
-0.675397 2.123931 11.910020
-0.675397 6.291315 4.964380
0.019167 6.291315 4.617098
0.366449 6.291315 4.617098
0.019167 6.291315 4.964380
0.713731 6.638597 4.964380
-0.328115 6.291315 5.311662
-0.328115 6.291315 5.658944
0.019167 6.291315 5.658944
-0.328115 6.291315 6.700790
